image_names,img_points,obj_points,rvecs,tvecs,reprojection_error
/home/user/Downloads/Illmenau/KalibrierungA/Kalibrierung1a/00000002_00000000848A4385.tiff,"[[[1393.5737    211.72066 ]]

 [[1440.5143    188.38423 ]]

 [[1488.6892    164.39091 ]]

 [[1538.6652    139.93811 ]]

 [[1590.2991    114.336494]]

 [[1643.7948     87.71171 ]]

 [[1397.3473    258.0523  ]]

 [[1444.6451    235.46602 ]]

 [[1493.3705    212.10977 ]]

 [[1543.7112    188.08165 ]]

 [[1595.8395    163.10564 ]]

 [[1649.8488    137.18576 ]]

 [[1400.9386    305.009   ]]

 [[1448.7924    283.0162  ]]

 [[1497.8727    260.40433 ]]

 [[1548.779     236.90665 ]]

 [[1601.4152    212.76146 ]]

 [[1656.0212    187.50267 ]]

 [[1404.8452    352.68417 ]]

 [[1453.0687    331.3091  ]]

 [[1502.5704    309.42596 ]]

 [[1554.005     286.70078 ]]

 [[1607.1124    263.14017 ]]

 [[1662.34      238.60358 ]]

 [[1408.7465    401.10364 ]]

 [[1457.365     380.4551  ]]

 [[1507.5216    359.16867 ]]

 [[1559.3132    337.12766 ]]

 [[1613.003     314.4019  ]]

 [[1668.785     290.64822 ]]

 [[1412.6702    450.2146  ]]

 [[1461.7649    430.32166 ]]

 [[1512.3248    409.7682  ]]

 [[1564.6586    388.52536 ]]

 [[1618.9338    366.52194 ]]

 [[1675.218     343.55048 ]]

 [[1416.7402    500.14532 ]]

 [[1466.1877    480.96164 ]]

 [[1517.2848    461.16428 ]]

 [[1570.0618    440.70654 ]]

 [[1624.9692    419.36673 ]]

 [[1681.8784    397.25497 ]]]","[[  0.   0.   0.]
 [120.   0.   0.]
 [240.   0.   0.]
 [360.   0.   0.]
 [480.   0.   0.]
 [600.   0.   0.]
 [  0. 120.   0.]
 [120. 120.   0.]
 [240. 120.   0.]
 [360. 120.   0.]
 [480. 120.   0.]
 [600. 120.   0.]
 [  0. 240.   0.]
 [120. 240.   0.]
 [240. 240.   0.]
 [360. 240.   0.]
 [480. 240.   0.]
 [600. 240.   0.]
 [  0. 360.   0.]
 [120. 360.   0.]
 [240. 360.   0.]
 [360. 360.   0.]
 [480. 360.   0.]
 [600. 360.   0.]
 [  0. 480.   0.]
 [120. 480.   0.]
 [240. 480.   0.]
 [360. 480.   0.]
 [480. 480.   0.]
 [600. 480.   0.]
 [  0. 600.   0.]
 [120. 600.   0.]
 [240. 600.   0.]
 [360. 600.   0.]
 [480. 600.   0.]
 [600. 600.   0.]
 [  0. 720.   0.]
 [120. 720.   0.]
 [240. 720.   0.]
 [360. 720.   0.]
 [480. 720.   0.]
 [600. 720.   0.]]","[[-0.22631911]
 [ 0.59755892]
 [-0.1241816 ]]","[[  297.95737934]
 [-1769.30031313]
 [ 3947.49705148]]",0.018022171133613988
/home/user/Downloads/Illmenau/KalibrierungA/Kalibrierung1a/00000003_00000000848AA2FB.tiff,"[[[1864.2834   375.90942]]

 [[1908.9652   356.98984]]

 [[1955.0012   337.47983]]

 [[2002.5797   317.40717]]

 [[2051.681    296.58826]]

 [[2103.1414   274.73773]]

 [[1870.4353   416.04462]]

 [[1915.4906   397.6291 ]]

 [[1961.9496   378.7238 ]]

 [[2009.9158   359.15045]]

 [[2059.485    338.8873 ]]

 [[2111.4265   317.68283]]

 [[1876.6083   456.6522 ]]

 [[1922.093    438.7762 ]]

 [[1968.9283   420.37924]]

 [[2017.3376   401.36884]]

 [[2067.2998   381.7351 ]]

 [[2119.763    361.08374]]

 [[1882.9044   497.72882]]

 [[1928.741    480.46564]]

 [[1975.9928   462.63397]]

 [[2024.8501   444.20483]]

 [[2075.3242   425.15866]]

 [[2128.357    405.1079 ]]

 [[1889.2826   539.37445]]

 [[1935.5188   522.6252 ]]

 [[1983.185    505.40747]]

 [[2032.476    487.60355]]

 [[2083.4077   469.16885]]

 [[2136.8967   449.82318]]

 [[1895.7332   581.5239 ]]

 [[1942.3822   565.3788 ]]

 [[1990.4951   548.7543 ]]

 [[2040.1816   531.57135]]

 [[2091.6301   513.749  ]]

 [[2145.5942   495.00613]]

 [[1902.2528   624.2231 ]]

 [[1949.3263   608.66785]]

 [[1997.8224   592.66614]]

 [[2047.9706   576.11   ]]

 [[2099.9155   558.9345 ]]

 [[2154.3682   540.9201 ]]]","[[  0.   0.   0.]
 [120.   0.   0.]
 [240.   0.   0.]
 [360.   0.   0.]
 [480.   0.   0.]
 [600.   0.   0.]
 [  0. 120.   0.]
 [120. 120.   0.]
 [240. 120.   0.]
 [360. 120.   0.]
 [480. 120.   0.]
 [600. 120.   0.]
 [  0. 240.   0.]
 [120. 240.   0.]
 [240. 240.   0.]
 [360. 240.   0.]
 [480. 240.   0.]
 [600. 240.   0.]
 [  0. 360.   0.]
 [120. 360.   0.]
 [240. 360.   0.]
 [360. 360.   0.]
 [480. 360.   0.]
 [600. 360.   0.]
 [  0. 480.   0.]
 [120. 480.   0.]
 [240. 480.   0.]
 [360. 480.   0.]
 [480. 480.   0.]
 [600. 480.   0.]
 [  0. 600.   0.]
 [120. 600.   0.]
 [240. 600.   0.]
 [360. 600.   0.]
 [480. 600.   0.]
 [600. 600.   0.]
 [  0. 720.   0.]
 [120. 720.   0.]
 [240. 720.   0.]
 [360. 720.   0.]
 [480. 720.   0.]
 [600. 720.   0.]]","[[-0.21724713]
 [ 0.6787575 ]
 [-0.13580877]]","[[ 1607.72293836]
 [-1658.39976807]
 [ 4672.91041277]]",0.031416104989676
/home/user/Downloads/Illmenau/KalibrierungA/Kalibrierung1a/00000004_00000000848B1711.tiff,"[[[1285.8406   485.86642]]

 [[1325.0001   475.4012 ]]

 [[1364.6028   464.86008]]

 [[1404.9187   454.05627]]

 [[1445.9465   443.09555]]

 [[1488.0536   431.8754 ]]

 [[1288.1346   523.5702 ]]

 [[1327.511    513.39264]]

 [[1367.4054   503.07568]]

 [[1408.0223   492.6025 ]]

 [[1449.2754   481.98212]]

 [[1491.5669   470.99045]]

 [[1290.4054   561.65106]]

 [[1330.0363   551.7732 ]]

 [[1370.2113   541.76416]]

 [[1411.0564   531.57074]]

 [[1452.6542   521.19415]]

 [[1495.232    510.51453]]

 [[1292.727    600.2572 ]]

 [[1332.6138   590.63556]]

 [[1373.0441   580.92163]]

 [[1414.176    571.0285 ]]

 [[1456.0204   560.93585]]

 [[1498.914    550.61505]]

 [[1295.1318   639.2643 ]]

 [[1335.2655   629.979  ]]

 [[1375.9386   620.5294 ]]

 [[1417.3295   610.93396]]

 [[1459.4886   601.1802 ]]

 [[1502.6522   591.164  ]]

 [[1297.5558   678.69714]]

 [[1337.9397   669.70795]]

 [[1378.8745   660.6058 ]]

 [[1420.4835   651.3788 ]]

 [[1463.002    641.8792 ]]

 [[1506.4528   632.1509 ]]

 [[1299.9465   718.66534]]

 [[1340.5916   709.99133]]

 [[1381.8127   701.2026 ]]

 [[1423.7333   692.24493]]

 [[1466.515    683.0617 ]]

 [[1510.2971   673.7559 ]]]","[[  0.   0.   0.]
 [120.   0.   0.]
 [240.   0.   0.]
 [360.   0.   0.]
 [480.   0.   0.]
 [600.   0.   0.]
 [  0. 120.   0.]
 [120. 120.   0.]
 [240. 120.   0.]
 [360. 120.   0.]
 [480. 120.   0.]
 [600. 120.   0.]
 [  0. 240.   0.]
 [120. 240.   0.]
 [240. 240.   0.]
 [360. 240.   0.]
 [480. 240.   0.]
 [600. 240.   0.]
 [  0. 360.   0.]
 [120. 360.   0.]
 [240. 360.   0.]
 [360. 360.   0.]
 [480. 360.   0.]
 [600. 360.   0.]
 [  0. 480.   0.]
 [120. 480.   0.]
 [240. 480.   0.]
 [360. 480.   0.]
 [480. 480.   0.]
 [600. 480.   0.]
 [  0. 600.   0.]
 [120. 600.   0.]
 [240. 600.   0.]
 [360. 600.   0.]
 [480. 600.   0.]
 [600. 600.   0.]
 [  0. 720.   0.]
 [120. 720.   0.]
 [240. 720.   0.]
 [360. 720.   0.]
 [480. 720.   0.]
 [600. 720.   0.]]","[[-0.23706877]
 [ 0.38686353]
 [-0.09899789]]","[[   70.56542303]
 [-1475.73063675]
 [ 5044.2943773 ]]",0.01324992557938189
/home/user/Downloads/Illmenau/KalibrierungA/Kalibrierung1a/00000005_00000000848B7F51.tiff,"[[[ 817.5051   549.4223 ]]

 [[ 856.3312   544.6585 ]]

 [[ 894.9741   539.93604]]

 [[ 933.79956  535.1761 ]]

 [[ 972.8603   530.2625 ]]

 [[1012.39746  525.41095]]

 [[ 817.31195  585.99664]]

 [[ 856.2538   581.3589 ]]

 [[ 895.15125  576.6618 ]]

 [[ 934.1882   571.90594]]

 [[ 973.4799   567.15894]]

 [[1013.1485   562.39044]]

 [[ 817.03186  622.9409 ]]

 [[ 856.1938   618.32007]]

 [[ 895.2725   613.7665 ]]

 [[ 934.5668   609.0623 ]]

 [[ 974.05835  604.4045 ]]

 [[1013.983    599.7394 ]]

 [[ 816.63544  660.1986 ]]

 [[ 856.1873   655.7545 ]]

 [[ 895.4361   651.2266 ]]

 [[ 934.92676  646.72003]]

 [[ 974.70013  642.1002 ]]

 [[1014.77966  637.5089 ]]

 [[ 816.4659   697.9495 ]]

 [[ 856.1235   693.6159 ]]

 [[ 895.6377   689.19226]]

 [[ 935.37317  684.73315]]

 [[ 975.33997  680.2077 ]]

 [[1015.6931   675.75256]]

 [[ 816.20044  736.1605 ]]

 [[ 856.07684  731.8782 ]]

 [[ 895.80743  727.54047]]

 [[ 935.74945  723.1785 ]]

 [[ 975.9736   718.7721 ]]

 [[1016.6334   714.3156 ]]

 [[ 815.9828   774.84216]]

 [[ 856.02936  770.59564]]

 [[ 896.0022   766.3424 ]]

 [[ 936.1035   762.0503 ]]

 [[ 976.6212   757.7427 ]]

 [[1017.46344  753.4283 ]]]","[[  0.   0.   0.]
 [120.   0.   0.]
 [240.   0.   0.]
 [360.   0.   0.]
 [480.   0.   0.]
 [600.   0.   0.]
 [  0. 120.   0.]
 [120. 120.   0.]
 [240. 120.   0.]
 [360. 120.   0.]
 [480. 120.   0.]
 [600. 120.   0.]
 [  0. 240.   0.]
 [120. 240.   0.]
 [240. 240.   0.]
 [360. 240.   0.]
 [480. 240.   0.]
 [600. 240.   0.]
 [  0. 360.   0.]
 [120. 360.   0.]
 [240. 360.   0.]
 [360. 360.   0.]
 [480. 360.   0.]
 [600. 360.   0.]
 [  0. 480.   0.]
 [120. 480.   0.]
 [240. 480.   0.]
 [360. 480.   0.]
 [480. 480.   0.]
 [600. 480.   0.]
 [  0. 600.   0.]
 [120. 600.   0.]
 [240. 600.   0.]
 [360. 600.   0.]
 [480. 600.   0.]
 [600. 600.   0.]
 [  0. 720.   0.]
 [120. 720.   0.]
 [240. 720.   0.]
 [360. 720.   0.]
 [480. 720.   0.]
 [600. 720.   0.]]","[[-0.24664385]
 [ 0.13245148]
 [-0.0720586 ]]","[[-1328.54569957]
 [-1345.46528675]
 [ 5251.8628688 ]]",0.01697607625575943
/home/user/Downloads/Illmenau/KalibrierungA/Kalibrierung1a/00000007_00000000848C4149.tiff,"[[[815.9797  709.7223 ]]

 [[847.58356 706.13983]]

 [[879.2857  702.5922 ]]

 [[911.1775  699.01263]]

 [[943.2344  695.3923 ]]

 [[975.5042  691.8311 ]]

 [[815.7122  740.58777]]

 [[847.4169  737.06854]]

 [[879.28394 733.6076 ]]

 [[911.3301  730.09656]]

 [[943.5196  726.56165]]

 [[975.9459  722.9872 ]]

 [[815.34595 771.6956 ]]

 [[847.2585  768.23987]]

 [[879.2703  764.8225 ]]

 [[911.44    761.37463]]

 [[943.7826  757.8955 ]]

 [[976.359   754.4131 ]]

 [[815.08044 803.0892 ]]

 [[847.09674 799.72955]]

 [[879.2536  796.3682 ]]

 [[911.57684 792.9851 ]]

 [[944.0712  789.5726 ]]

 [[976.7844  786.1704 ]]

 [[814.7883  834.814  ]]

 [[846.99365 831.467  ]]

 [[879.26526 828.19855]]

 [[911.72705 824.89026]]

 [[944.395   821.5393 ]]

 [[977.25    818.2195 ]]

 [[814.4892  866.7085 ]]

 [[846.8207  863.516  ]]

 [[879.2923  860.2914 ]]

 [[911.86304 857.0697 ]]

 [[944.69635 853.78796]]

 [[977.67804 850.5034 ]]

 [[814.15643 899.0066 ]]

 [[846.6771  895.8316 ]]

 [[879.2891  892.7165 ]]

 [[912.0104  889.5423 ]]

 [[944.99866 886.3227 ]]

 [[978.1406  883.1647 ]]]","[[  0.   0.   0.]
 [120.   0.   0.]
 [240.   0.   0.]
 [360.   0.   0.]
 [480.   0.   0.]
 [600.   0.   0.]
 [  0. 120.   0.]
 [120. 120.   0.]
 [240. 120.   0.]
 [360. 120.   0.]
 [480. 120.   0.]
 [600. 120.   0.]
 [  0. 240.   0.]
 [120. 240.   0.]
 [240. 240.   0.]
 [360. 240.   0.]
 [480. 240.   0.]
 [600. 240.   0.]
 [  0. 360.   0.]
 [120. 360.   0.]
 [240. 360.   0.]
 [360. 360.   0.]
 [480. 360.   0.]
 [600. 360.   0.]
 [  0. 480.   0.]
 [120. 480.   0.]
 [240. 480.   0.]
 [360. 480.   0.]
 [480. 480.   0.]
 [600. 480.   0.]
 [  0. 600.   0.]
 [120. 600.   0.]
 [240. 600.   0.]
 [360. 600.   0.]
 [480. 600.   0.]
 [600. 600.   0.]
 [  0. 720.   0.]
 [120. 720.   0.]
 [240. 720.   0.]
 [360. 720.   0.]
 [480. 720.   0.]
 [600. 720.   0.]]","[[-0.24322481]
 [ 0.14197114]
 [-0.06998463]]","[[-1618.50203316]
 [-1051.23064042]
 [ 6370.20706362]]",0.005031682302783599
/home/user/Downloads/Illmenau/KalibrierungA/Kalibrierung1a/00000008_00000000848CABEA.tiff,"[[[1498.782    611.5338 ]]

 [[1533.571    603.20874]]

 [[1568.8236   594.7777 ]]

 [[1604.6007   586.2461 ]]

 [[1640.9192   577.52856]]

 [[1677.8893   568.70233]]

 [[1501.8428   644.4342 ]]

 [[1536.8126   636.34406]]

 [[1572.252    628.157  ]]

 [[1608.2191   619.822  ]]

 [[1644.7751   611.35016]]

 [[1681.9656   602.7129 ]]

 [[1504.8676   677.6564 ]]

 [[1540.0497   669.7624 ]]

 [[1575.6968   661.8157 ]]

 [[1611.8713   653.6805 ]]

 [[1648.6482   645.4418 ]]

 [[1686.0603   637.0608 ]]

 [[1507.9507   711.1394 ]]

 [[1543.3152   703.53625]]

 [[1579.1627   695.80035]]

 [[1615.5846   687.922  ]]

 [[1652.5806   679.9209 ]]

 [[1690.1888   671.77185]]

 [[1511.0813   745.01904]]

 [[1546.6298   737.6242 ]]

 [[1582.6971   730.1036 ]]

 [[1619.332    722.48315]]

 [[1656.5433   714.7189 ]]

 [[1694.3702   706.81934]]

 [[1514.208    779.21014]]

 [[1550.0286   772.0329 ]]

 [[1586.252    764.7767 ]]

 [[1623.0701   757.39795]]

 [[1660.5508   749.90424]]

 [[1698.5912   742.25507]]

 [[1517.3845   813.768  ]]

 [[1553.3826   806.85815]]

 [[1589.8337   799.81586]]

 [[1626.8641   792.6856 ]]

 [[1664.5718   785.41656]]

 [[1702.8447   778.0435 ]]]","[[  0.   0.   0.]
 [120.   0.   0.]
 [240.   0.   0.]
 [360.   0.   0.]
 [480.   0.   0.]
 [600.   0.   0.]
 [  0. 120.   0.]
 [120. 120.   0.]
 [240. 120.   0.]
 [360. 120.   0.]
 [480. 120.   0.]
 [600. 120.   0.]
 [  0. 240.   0.]
 [120. 240.   0.]
 [240. 240.   0.]
 [360. 240.   0.]
 [480. 240.   0.]
 [600. 240.   0.]
 [  0. 360.   0.]
 [120. 360.   0.]
 [240. 360.   0.]
 [360. 360.   0.]
 [480. 360.   0.]
 [600. 360.   0.]
 [  0. 480.   0.]
 [120. 480.   0.]
 [240. 480.   0.]
 [360. 480.   0.]
 [480. 480.   0.]
 [600. 480.   0.]
 [  0. 600.   0.]
 [120. 600.   0.]
 [240. 600.   0.]
 [360. 600.   0.]
 [480. 600.   0.]
 [600. 600.   0.]
 [  0. 720.   0.]
 [120. 720.   0.]
 [240. 720.   0.]
 [360. 720.   0.]
 [480. 720.   0.]
 [600. 720.   0.]]","[[-0.23380061]
 [ 0.4083051 ]
 [-0.10206045]]","[[  797.80394802]
 [-1302.31299972]
 [ 5890.2327697 ]]",0.005415270805222339
/home/user/Downloads/Illmenau/KalibrierungA/Kalibrierung1a/00000009_00000000848D3231.tiff,"[[[1202.8889   761.2394 ]]

 [[1232.1647   757.6899 ]]

 [[1261.5415   754.1255 ]]

 [[1291.1086   750.5622 ]]

 [[1320.8584   746.9234 ]]

 [[1350.7794   743.34607]]

 [[1204.1903   789.35925]]

 [[1233.5331   785.8559 ]]

 [[1263.0493   782.4239 ]]

 [[1292.7418   778.91644]]

 [[1322.6018   775.3985 ]]

 [[1352.6394   771.824  ]]

 [[1205.4393   817.60657]]

 [[1234.923    814.26697]]

 [[1264.5552   810.847  ]]

 [[1294.3685   807.43726]]

 [[1324.361    804.004  ]]

 [[1354.5586   800.5058 ]]

 [[1206.6892   846.2481 ]]

 [[1236.3219   842.89136]]

 [[1266.1149   839.57477]]

 [[1296.0417   836.22485]]

 [[1326.1642   832.8335 ]]

 [[1356.4846   829.43146]]

 [[1207.9913   875.04   ]]

 [[1237.7322   871.76276]]

 [[1267.6372   868.5066 ]]

 [[1297.7115   865.2404 ]]

 [[1327.9835   861.9263 ]]

 [[1358.4554   858.59863]]

 [[1209.2942   904.0705 ]]

 [[1239.1747   900.86456]]

 [[1269.2068   897.69   ]]

 [[1299.382    894.51666]]

 [[1329.8131   891.2732 ]]

 [[1360.4031   888.0027 ]]

 [[1210.6062   933.3527 ]]

 [[1240.6177   930.23236]]

 [[1270.7816   927.123  ]]

 [[1301.0581   923.9862 ]]

 [[1331.6732   920.8323 ]]

 [[1362.361    917.66187]]]","[[  0.   0.   0.]
 [120.   0.   0.]
 [240.   0.   0.]
 [360.   0.   0.]
 [480.   0.   0.]
 [600.   0.   0.]
 [  0. 120.   0.]
 [120. 120.   0.]
 [240. 120.   0.]
 [360. 120.   0.]
 [480. 120.   0.]
 [600. 120.   0.]
 [  0. 240.   0.]
 [120. 240.   0.]
 [240. 240.   0.]
 [360. 240.   0.]
 [480. 240.   0.]
 [600. 240.   0.]
 [  0. 360.   0.]
 [120. 360.   0.]
 [240. 360.   0.]
 [360. 360.   0.]
 [480. 360.   0.]
 [600. 360.   0.]
 [  0. 480.   0.]
 [120. 480.   0.]
 [240. 480.   0.]
 [360. 480.   0.]
 [480. 480.   0.]
 [600. 480.   0.]
 [  0. 600.   0.]
 [120. 600.   0.]
 [240. 600.   0.]
 [360. 600.   0.]
 [480. 600.   0.]
 [600. 600.   0.]
 [  0. 720.   0.]
 [120. 720.   0.]
 [240. 720.   0.]
 [360. 720.   0.]
 [480. 720.   0.]
 [600. 720.   0.]]","[[-0.24321515]
 [ 0.18411538]
 [-0.0731554 ]]","[[-234.98033869]
 [-956.49124943]
 [7038.212469  ]]",0.004218305647023704
/home/user/Downloads/Illmenau/KalibrierungA/Kalibrierung1a/00000010_00000000849251A7.tiff,"[[[ 810.026    586.59393]]

 [[ 859.8627   576.20374]]

 [[ 910.504    565.47235]]

 [[ 962.03345  554.64514]]

 [[1014.51886  543.642  ]]

 [[1067.9117   532.3772 ]]

 [[ 809.7105   637.9168 ]]

 [[ 859.93634  627.8994 ]]

 [[ 910.9997   617.6547 ]]

 [[ 962.9445   607.15894]]

 [[1015.81793  596.5324 ]]

 [[1069.6854   585.6899 ]]

 [[ 809.4098   690.04645]]

 [[ 859.9817   680.36554]]

 [[ 911.4473   670.5379 ]]

 [[ 963.8159   660.40204]]

 [[1017.15186  650.19324]]

 [[1071.4547   639.7573 ]]

 [[ 809.06226  742.9632 ]]

 [[ 860.09283  733.70966]]

 [[ 911.9413   724.24023]]

 [[ 964.74445  714.612  ]]

 [[1018.51654  704.7986 ]]

 [[1073.2617   694.7847 ]]

 [[ 808.86194  796.69244]]

 [[ 860.1817   787.8378 ]]

 [[ 912.48376  778.8198 ]]

 [[ 965.67786  769.59845]]

 [[1019.9258   760.2471 ]]

 [[1075.1951   750.6672 ]]

 [[ 808.56     851.2527 ]]

 [[ 860.351    842.82715]]

 [[ 913.0426   834.2342 ]]

 [[ 966.634    825.5094 ]]

 [[1021.3729   816.54694]]

 [[1077.0701   807.43427]]

 [[ 808.2915   906.6597 ]]

 [[ 860.4767   898.6732 ]]

 [[ 913.5805   890.5532 ]]

 [[ 967.6513   882.2454 ]]

 [[1022.8328   873.7836 ]]

 [[1079.0433   865.12866]]]","[[  0.   0.   0.]
 [120.   0.   0.]
 [240.   0.   0.]
 [360.   0.   0.]
 [480.   0.   0.]
 [600.   0.   0.]
 [  0. 120.   0.]
 [120. 120.   0.]
 [240. 120.   0.]
 [360. 120.   0.]
 [480. 120.   0.]
 [600. 120.   0.]
 [  0. 240.   0.]
 [120. 240.   0.]
 [240. 240.   0.]
 [360. 240.   0.]
 [480. 240.   0.]
 [600. 240.   0.]
 [  0. 360.   0.]
 [120. 360.   0.]
 [240. 360.   0.]
 [360. 360.   0.]
 [480. 360.   0.]
 [600. 360.   0.]
 [  0. 480.   0.]
 [120. 480.   0.]
 [240. 480.   0.]
 [360. 480.   0.]
 [480. 480.   0.]
 [600. 480.   0.]
 [  0. 600.   0.]
 [120. 600.   0.]
 [240. 600.   0.]
 [360. 600.   0.]
 [480. 600.   0.]
 [600. 600.   0.]
 [  0. 720.   0.]
 [120. 720.   0.]
 [240. 720.   0.]
 [360. 720.   0.]
 [480. 720.   0.]
 [600. 720.   0.]]","[[-0.23530464]
 [ 0.28700994]
 [-0.09169465]]","[[-971.52260532]
 [-887.2920313 ]
 [3774.62968814]]",0.007339650431268155
/home/user/Downloads/Illmenau/KalibrierungA/Kalibrierung1a/00000012_00000000849393CC.tiff,"[[[1417.2566   544.67456]]

 [[1466.8593   525.8416 ]]

 [[1518.0287   506.3439 ]]

 [[1571.0225   486.31262]]

 [[1626.0541   465.3088 ]]

 [[1683.1821   443.57962]]

 [[1421.3479   596.0905 ]]

 [[1471.5306   578.04865]]

 [[1523.1261   559.4794 ]]

 [[1576.707    540.11774]]

 [[1632.2974   520.0792 ]]

 [[1690.0448   499.19296]]

 [[1425.6439   648.2831 ]]

 [[1476.1366   631.0854 ]]

 [[1528.2548   613.3119 ]]

 [[1582.4093   594.845  ]]

 [[1638.6191   575.6401 ]]

 [[1696.9855   555.7021 ]]

 [[1429.9113   701.3542 ]]

 [[1480.9152   684.9496 ]]

 [[1533.5245   668.0774 ]]

 [[1588.2839   650.46295]]

 [[1644.9922   632.2384 ]]

 [[1704.0944   613.23157]]

 [[1434.1853   755.21326]]

 [[1485.7485   739.68915]]

 [[1538.9633   723.733  ]]

 [[1594.2406   707.0887 ]]

 [[1651.6442   689.7932 ]]

 [[1711.3384   671.7653 ]]

 [[1438.6725   809.899  ]]

 [[1490.6938   795.3456 ]]

 [[1544.3931   780.2861 ]]

 [[1600.2253   764.62317]]

 [[1658.352    748.2954 ]]

 [[1718.6454   731.3278 ]]

 [[1443.181    865.5346 ]]

 [[1495.6324   851.9112 ]]

 [[1549.9675   837.78534]]

 [[1606.3129   823.1357 ]]

 [[1665.0643   807.82855]]

 [[1726.0493   791.95404]]]","[[  0.   0.   0.]
 [120.   0.   0.]
 [240.   0.   0.]
 [360.   0.   0.]
 [480.   0.   0.]
 [600.   0.   0.]
 [  0. 120.   0.]
 [120. 120.   0.]
 [240. 120.   0.]
 [360. 120.   0.]
 [480. 120.   0.]
 [600. 120.   0.]
 [  0. 240.   0.]
 [120. 240.   0.]
 [240. 240.   0.]
 [360. 240.   0.]
 [480. 240.   0.]
 [600. 240.   0.]
 [  0. 360.   0.]
 [120. 360.   0.]
 [240. 360.   0.]
 [360. 360.   0.]
 [480. 360.   0.]
 [600. 360.   0.]
 [  0. 480.   0.]
 [120. 480.   0.]
 [240. 480.   0.]
 [360. 480.   0.]
 [480. 480.   0.]
 [600. 480.   0.]
 [  0. 600.   0.]
 [120. 600.   0.]
 [240. 600.   0.]
 [360. 600.   0.]
 [480. 600.   0.]
 [600. 600.   0.]
 [  0. 720.   0.]
 [120. 720.   0.]
 [240. 720.   0.]
 [360. 720.   0.]
 [480. 720.   0.]
 [600. 720.   0.]]","[[-0.22425453]
 [ 0.60867959]
 [-0.12642105]]","[[ 332.75161807]
 [-969.59071953]
 [3741.39343541]]",0.013811447460841283
/home/user/Downloads/Illmenau/KalibrierungA/Kalibrierung1a/00000013_000000008494251F.tiff,"[[[1820.9353   666.9832 ]]

 [[1867.9763   652.8651 ]]

 [[1916.3873   638.4375 ]]

 [[1966.2642   623.4868 ]]

 [[2017.7324   608.069  ]]

 [[2071.638    591.9504 ]]

 [[1827.091    710.772  ]]

 [[1874.5433   697.2823 ]]

 [[1923.3624   683.3915 ]]

 [[1973.7166   669.07526]]

 [[2025.6442   654.29626]]

 [[2079.9485   638.8149 ]]

 [[1833.2456   755.06903]]

 [[1881.1523   742.1777 ]]

 [[1930.4015   728.8992 ]]

 [[1981.1888   715.21545]]

 [[2033.6156   701.0531 ]]

 [[2088.557    686.22296]]

 [[1839.5488   799.9547 ]]

 [[1887.8507   787.68176]]

 [[1937.5319   775.02856]]

 [[1988.7969   761.98206]]

 [[2041.7031   748.47186]]

 [[2097.155    734.36194]]

 [[1845.9158   845.42664]]

 [[1894.6437   833.79456]]

 [[1944.8026   821.78107]]

 [[1996.5137   809.3947 ]]

 [[2049.913    796.6015 ]]

 [[2105.9277   783.1901 ]]

 [[1852.3805   891.488  ]]

 [[1901.5577   880.49023]]

 [[1952.1061   869.1635 ]]

 [[2004.2585   857.4833 ]]

 [[2058.236    845.37036]]

 [[2114.6377   832.7361 ]]

 [[1858.8848   938.2111 ]]

 [[1908.4811   927.8452 ]]

 [[1959.5292   917.2022 ]]

 [[2012.1683   906.1875 ]]

 [[2066.6516   894.8185 ]]

 [[2123.6858   882.87726]]]","[[  0.   0.   0.]
 [120.   0.   0.]
 [240.   0.   0.]
 [360.   0.   0.]
 [480.   0.   0.]
 [600.   0.   0.]
 [  0. 120.   0.]
 [120. 120.   0.]
 [240. 120.   0.]
 [360. 120.   0.]
 [480. 120.   0.]
 [600. 120.   0.]
 [  0. 240.   0.]
 [120. 240.   0.]
 [240. 240.   0.]
 [360. 240.   0.]
 [480. 240.   0.]
 [600. 240.   0.]
 [  0. 360.   0.]
 [120. 360.   0.]
 [240. 360.   0.]
 [360. 360.   0.]
 [480. 360.   0.]
 [600. 360.   0.]
 [  0. 480.   0.]
 [120. 480.   0.]
 [240. 480.   0.]
 [360. 480.   0.]
 [480. 480.   0.]
 [600. 480.   0.]
 [  0. 600.   0.]
 [120. 600.   0.]
 [240. 600.   0.]
 [360. 600.   0.]
 [480. 600.   0.]
 [600. 600.   0.]
 [  0. 720.   0.]
 [120. 720.   0.]
 [240. 720.   0.]
 [360. 720.   0.]
 [480. 720.   0.]
 [600. 720.   0.]]","[[-0.22292983]
 [ 0.61908701]
 [-0.12881935]]","[[1426.57410088]
 [-845.58486352]
 [4464.98519341]]",0.03068676329247788
/home/user/Downloads/Illmenau/KalibrierungA/Kalibrierung1a/00000014_0000000084948B0D.tiff,"[[[1252.5314   741.48083]]

 [[1292.5958   731.644  ]]

 [[1333.391    721.6176 ]]

 [[1375.0481   711.4125 ]]

 [[1417.635    701.0314 ]]

 [[1461.3413   690.2359 ]]

 [[1254.7712   783.1201 ]]

 [[1295.1404   773.7462 ]]

 [[1336.1809   764.1741 ]]

 [[1378.1488   754.37537]]

 [[1421.0752   744.35156]]

 [[1465.0515   734.04913]]

 [[1257.0403   825.28564]]

 [[1297.6447   816.3269 ]]

 [[1338.9824   807.1737 ]]

 [[1381.2512   797.771  ]]

 [[1424.475    788.21094]]

 [[1468.8074   778.31934]]

 [[1259.2338   868.0015 ]]

 [[1300.2604   859.4185 ]]

 [[1341.842    850.6857 ]]

 [[1384.4526   841.7389 ]]

 [[1427.9506   832.61237]]

 [[1472.6085   823.2261 ]]

 [[1261.5525   911.2276 ]]

 [[1302.8732   903.0587 ]]

 [[1344.8247   894.75085]]

 [[1387.6766   886.2874 ]]

 [[1431.5298   877.60065]]

 [[1476.5345   868.6939 ]]

 [[1263.9587   954.9511 ]]

 [[1305.5402   947.2382 ]]

 [[1347.7445   939.404  ]]

 [[1390.8904   931.3868 ]]

 [[1435.1409   923.1608 ]]

 [[1480.4404   914.7443 ]]

 [[1266.3309   999.2795 ]]

 [[1308.1769   991.98724]]

 [[1350.7415   984.61816]]

 [[1394.205    977.05994]]

 [[1438.7424   969.316  ]]

 [[1484.41     961.3929 ]]]","[[  0.   0.   0.]
 [120.   0.   0.]
 [240.   0.   0.]
 [360.   0.   0.]
 [480.   0.   0.]
 [600.   0.   0.]
 [  0. 120.   0.]
 [120. 120.   0.]
 [240. 120.   0.]
 [360. 120.   0.]
 [480. 120.   0.]
 [600. 120.   0.]
 [  0. 240.   0.]
 [120. 240.   0.]
 [240. 240.   0.]
 [360. 240.   0.]
 [480. 240.   0.]
 [600. 240.   0.]
 [  0. 360.   0.]
 [120. 360.   0.]
 [240. 360.   0.]
 [360. 360.   0.]
 [480. 360.   0.]
 [600. 360.   0.]
 [  0. 480.   0.]
 [120. 480.   0.]
 [240. 480.   0.]
 [360. 480.   0.]
 [480. 480.   0.]
 [600. 480.   0.]
 [  0. 600.   0.]
 [120. 600.   0.]
 [240. 600.   0.]
 [360. 600.   0.]
 [480. 600.   0.]
 [600. 600.   0.]
 [  0. 720.   0.]
 [120. 720.   0.]
 [240. 720.   0.]
 [360. 720.   0.]
 [480. 720.   0.]
 [600. 720.   0.]]","[[-0.23269246]
 [ 0.45586552]
 [-0.1080311 ]]","[[ -24.00508968]
 [-697.77622941]
 [4740.81216302]]",0.012004478488752421
/home/user/Downloads/Illmenau/KalibrierungA/Kalibrierung1a/00000015_000000008494DE4E.tiff,"[[[ 785.6692   797.58386]]

 [[ 826.4936   793.1782 ]]

 [[ 867.26276  788.7187 ]]

 [[ 908.2676   784.249  ]]

 [[ 949.53094  779.71674]]

 [[ 991.2142   775.2099 ]]

 [[ 785.1789   837.81683]]

 [[ 826.3707   833.53754]]

 [[ 867.35535  829.193  ]]

 [[ 908.5685   824.7817 ]]

 [[ 950.11053  820.37897]]

 [[ 992.06506  815.9115 ]]

 [[ 784.77625  878.4501 ]]

 [[ 826.20184  874.2637 ]]

 [[ 867.4141   870.0154 ]]

 [[ 908.8931   865.7444 ]]

 [[ 950.66895  861.40576]]

 [[ 992.89594  857.0635 ]]

 [[ 784.4033   919.57874]]

 [[ 826.02155  915.4775 ]]

 [[ 867.4966   911.335  ]]

 [[ 909.1862   907.18097]]

 [[ 951.243    902.9965 ]]

 [[ 993.7317   898.79834]]

 [[ 784.0486   961.1618 ]]

 [[ 825.8743   957.14044]]

 [[ 867.6133   953.1425 ]]

 [[ 909.6003   949.122  ]]

 [[ 951.872    945.06537]]

 [[ 994.63184  940.94525]]

 [[ 783.6554  1003.2139 ]]

 [[ 825.76355  999.3034 ]]

 [[ 867.71326  995.456  ]]

 [[ 909.9063   991.5449 ]]

 [[ 952.5093   987.62714]]

 [[ 995.4361   983.6088 ]]

 [[ 783.297   1045.8052 ]]

 [[ 825.6134  1042.0139 ]]

 [[ 867.8351  1038.2695 ]]

 [[ 910.28735 1034.4553 ]]

 [[ 953.1467  1030.6284 ]]

 [[ 996.3847  1026.7672 ]]]","[[  0.   0.   0.]
 [120.   0.   0.]
 [240.   0.   0.]
 [360.   0.   0.]
 [480.   0.   0.]
 [600.   0.   0.]
 [  0. 120.   0.]
 [120. 120.   0.]
 [240. 120.   0.]
 [360. 120.   0.]
 [480. 120.   0.]
 [600. 120.   0.]
 [  0. 240.   0.]
 [120. 240.   0.]
 [240. 240.   0.]
 [360. 240.   0.]
 [480. 240.   0.]
 [600. 240.   0.]
 [  0. 360.   0.]
 [120. 360.   0.]
 [240. 360.   0.]
 [360. 360.   0.]
 [480. 360.   0.]
 [600. 360.   0.]
 [  0. 480.   0.]
 [120. 480.   0.]
 [240. 480.   0.]
 [360. 480.   0.]
 [480. 480.   0.]
 [600. 480.   0.]
 [  0. 600.   0.]
 [120. 600.   0.]
 [240. 600.   0.]
 [360. 600.   0.]
 [480. 600.   0.]
 [600. 600.   0.]
 [  0. 720.   0.]
 [120. 720.   0.]
 [240. 720.   0.]
 [360. 720.   0.]
 [480. 720.   0.]
 [600. 720.   0.]]","[[-0.24528928]
 [ 0.13907396]
 [-0.07423333]]","[[-1344.21949136]
 [ -569.25976907]
 [ 4952.89227089]]",0.017677106599841858
/home/user/Downloads/Illmenau/KalibrierungA/Kalibrierung1a/00000017_0000000084957F60.tiff,"[[[ 872.72174  924.0327 ]]

 [[ 905.43866  920.71204]]

 [[ 938.0982   917.4138 ]]

 [[ 970.95825  914.10315]]

 [[1004.01715  910.72736]]

 [[1037.3181   907.36224]]

 [[ 872.8036   956.86017]]

 [[ 905.549    953.6398 ]]

 [[ 938.3586   950.43933]]

 [[ 971.3677   947.192  ]]

 [[1004.5798   943.9422 ]]

 [[1038.0177   940.6608 ]]

 [[ 872.66644  989.95966]]

 [[ 905.6282   986.8563 ]]

 [[ 938.60736  983.73004]]

 [[ 971.7681   980.5794 ]]

 [[1005.14954  977.3912 ]]

 [[1038.7502   974.199  ]]

 [[ 872.6408  1023.41595]]

 [[ 905.7443  1020.3807 ]]

 [[ 938.8691  1017.335  ]]

 [[ 972.1988  1014.2753 ]]

 [[1005.71814 1011.18854]]

 [[1039.4861  1008.0577 ]]

 [[ 872.59314 1057.1642 ]]

 [[ 905.8846  1054.2064 ]]

 [[ 939.16534 1051.2604 ]]

 [[ 972.62164 1048.2964 ]]

 [[1006.3469  1045.2996 ]]

 [[1040.2668  1042.2487 ]]

 [[ 872.6116  1091.1838 ]]

 [[ 906.03076 1088.3236 ]]

 [[ 939.44165 1085.4569 ]]

 [[ 973.0481  1082.6272 ]]

 [[1006.9295  1079.7261 ]]

 [[1041.0114  1076.8174 ]]

 [[ 872.6204  1125.5298 ]]

 [[ 906.1384  1122.7998 ]]

 [[ 939.7264  1120.048  ]]

 [[ 973.47064 1117.2603 ]]

 [[1007.55414 1114.4551 ]]

 [[1041.7959  1111.6466 ]]]","[[  0.   0.   0.]
 [120.   0.   0.]
 [240.   0.   0.]
 [360.   0.   0.]
 [480.   0.   0.]
 [600.   0.   0.]
 [  0. 120.   0.]
 [120. 120.   0.]
 [240. 120.   0.]
 [360. 120.   0.]
 [480. 120.   0.]
 [600. 120.   0.]
 [  0. 240.   0.]
 [120. 240.   0.]
 [240. 240.   0.]
 [360. 240.   0.]
 [480. 240.   0.]
 [600. 240.   0.]
 [  0. 360.   0.]
 [120. 360.   0.]
 [240. 360.   0.]
 [360. 360.   0.]
 [480. 360.   0.]
 [600. 360.   0.]
 [  0. 480.   0.]
 [120. 480.   0.]
 [240. 480.   0.]
 [360. 480.   0.]
 [480. 480.   0.]
 [600. 480.   0.]
 [  0. 600.   0.]
 [120. 600.   0.]
 [240. 600.   0.]
 [360. 600.   0.]
 [480. 600.   0.]
 [600. 600.   0.]
 [  0. 720.   0.]
 [120. 720.   0.]
 [240. 720.   0.]
 [360. 720.   0.]
 [480. 720.   0.]
 [600. 720.   0.]]","[[-0.24230418]
 [ 0.16273201]
 [-0.07213489]]","[[-1367.80606646]
 [ -265.01188331]
 [ 6166.99686908]]",0.009051122634254252
/home/user/Downloads/Illmenau/KalibrierungA/Kalibrierung1a/00000018_000000008495DA42.tiff,"[[[1487.4559   842.0263 ]]

 [[1523.7583   835.35736]]

 [[1560.5636   828.62286]]

 [[1597.9362   821.7535 ]]

 [[1635.8997   814.7885 ]]

 [[1674.4539   807.72266]]

 [[1490.5281   877.4609 ]]

 [[1527.1041   871.054  ]]

 [[1564.1171   864.5592 ]]

 [[1601.7053   857.9648 ]]

 [[1639.8948   851.2658 ]]

 [[1678.691    844.4379 ]]

 [[1493.6781   913.25195]]

 [[1530.4302   907.0798 ]]

 [[1567.6808   900.8379 ]]

 [[1605.489    894.5092 ]]

 [[1643.9238   888.0373 ]]

 [[1682.9623   881.4896 ]]

 [[1496.8646   949.38934]]

 [[1533.8285   943.48444]]

 [[1571.2605   937.51105]]

 [[1609.3301   931.4286 ]]

 [[1647.9836   925.2351 ]]

 [[1687.2671   918.9661 ]]

 [[1500.0874   985.8742 ]]

 [[1537.2506   980.2523 ]]

 [[1574.9385   974.5504 ]]

 [[1613.2081   968.7526 ]]

 [[1652.0885   962.83734]]

 [[1691.6467   956.8456 ]]

 [[1503.3286  1022.74036]]

 [[1540.7245  1017.38934]]

 [[1578.6338  1011.95465]]

 [[1617.0779  1006.45325]]

 [[1656.2843  1000.8147 ]]

 [[1696.0518   995.07245]]

 [[1506.5944  1060.0319 ]]

 [[1544.1987  1054.9302 ]]

 [[1582.3462  1049.7819 ]]

 [[1621.0405  1044.5436 ]]

 [[1660.4911  1039.2032 ]]

 [[1700.5127  1033.7854 ]]]","[[  0.   0.   0.]
 [120.   0.   0.]
 [240.   0.   0.]
 [360.   0.   0.]
 [480.   0.   0.]
 [600.   0.   0.]
 [  0. 120.   0.]
 [120. 120.   0.]
 [240. 120.   0.]
 [360. 120.   0.]
 [480. 120.   0.]
 [600. 120.   0.]
 [  0. 240.   0.]
 [120. 240.   0.]
 [240. 240.   0.]
 [360. 240.   0.]
 [480. 240.   0.]
 [600. 240.   0.]
 [  0. 360.   0.]
 [120. 360.   0.]
 [240. 360.   0.]
 [360. 360.   0.]
 [480. 360.   0.]
 [600. 360.   0.]
 [  0. 480.   0.]
 [120. 480.   0.]
 [240. 480.   0.]
 [360. 480.   0.]
 [480. 480.   0.]
 [600. 480.   0.]
 [  0. 600.   0.]
 [120. 600.   0.]
 [240. 600.   0.]
 [360. 600.   0.]
 [480. 600.   0.]
 [600. 600.   0.]
 [  0. 720.   0.]
 [120. 720.   0.]
 [240. 720.   0.]
 [360. 720.   0.]
 [480. 720.   0.]
 [600. 720.   0.]]","[[-0.23481021]
 [ 0.39232668]
 [-0.10113529]]","[[ 728.7964226 ]
 [-507.66854188]
 [5648.81580682]]",0.0060147134345962675
/home/user/Downloads/Illmenau/KalibrierungA/Kalibrierung1a/00000019_000000008496393A.tiff,"[[[1225.8474   957.5432 ]]

 [[1255.9559   954.31903]]

 [[1286.2406   951.08875]]

 [[1316.7125   947.81   ]]

 [[1347.3682   944.54034]]

 [[1378.263    941.2281 ]]

 [[1227.2501   987.33905]]

 [[1257.533    984.21234]]

 [[1287.9298   981.0671 ]]

 [[1318.5505   977.87915]]

 [[1349.3384   974.6935 ]]

 [[1380.358    971.4588 ]]

 [[1228.7406  1017.33466]]

 [[1259.0989  1014.31116]]

 [[1289.6262  1011.26416]]

 [[1320.3713  1008.1839 ]]

 [[1351.315   1005.0685 ]]

 [[1382.4939  1001.9405 ]]

 [[1230.1501  1047.6443 ]]

 [[1260.6948  1044.7068 ]]

 [[1291.3536  1041.728  ]]

 [[1322.2272  1038.7349 ]]

 [[1353.3123  1035.7186 ]]

 [[1384.6067  1032.672  ]]

 [[1231.6487  1078.1528 ]]

 [[1262.2921  1075.3043 ]]

 [[1293.1093  1072.4281 ]]

 [[1324.1128  1069.5428 ]]

 [[1355.343   1066.6191 ]]

 [[1386.8004  1063.6604 ]]

 [[1233.101   1108.9519 ]]

 [[1263.9216  1106.1722 ]]

 [[1294.8728  1103.3923 ]]

 [[1325.9851  1100.6117 ]]

 [[1357.3787  1097.7832 ]]

 [[1388.9518  1094.9163 ]]

 [[1234.6426  1139.9927 ]]

 [[1265.556   1137.2987 ]]

 [[1296.6179  1134.6375 ]]

 [[1327.876   1131.9462 ]]

 [[1359.4484  1129.2069 ]]

 [[1391.1473  1126.4589 ]]]","[[  0.   0.   0.]
 [120.   0.   0.]
 [240.   0.   0.]
 [360.   0.   0.]
 [480.   0.   0.]
 [600.   0.   0.]
 [  0. 120.   0.]
 [120. 120.   0.]
 [240. 120.   0.]
 [360. 120.   0.]
 [480. 120.   0.]
 [600. 120.   0.]
 [  0. 240.   0.]
 [120. 240.   0.]
 [240. 240.   0.]
 [360. 240.   0.]
 [480. 240.   0.]
 [600. 240.   0.]
 [  0. 360.   0.]
 [120. 360.   0.]
 [240. 360.   0.]
 [360. 360.   0.]
 [480. 360.   0.]
 [600. 360.   0.]
 [  0. 480.   0.]
 [120. 480.   0.]
 [240. 480.   0.]
 [360. 480.   0.]
 [480. 480.   0.]
 [600. 480.   0.]
 [  0. 600.   0.]
 [120. 600.   0.]
 [240. 600.   0.]
 [360. 600.   0.]
 [480. 600.   0.]
 [600. 600.   0.]
 [  0. 720.   0.]
 [120. 720.   0.]
 [240. 720.   0.]
 [360. 720.   0.]
 [480. 720.   0.]
 [600. 720.   0.]]","[[-0.2408324 ]
 [ 0.20145056]
 [-0.07651733]]","[[-138.70837607]
 [-164.00793184]
 [6824.92812019]]",0.0037845758974739837
/home/user/Downloads/Illmenau/KalibrierungA/Kalibrierung1a/00000020_0000000084973A8D.tiff,"[[[ 800.1223   961.3883 ]]

 [[ 852.6713   953.3351 ]]

 [[ 906.10614  945.0527 ]]

 [[ 960.5471   936.6697 ]]

 [[1015.96686  928.08734]]

 [[1072.4253   919.302  ]]

 [[ 800.30804 1018.472  ]]

 [[ 853.2974  1010.8641 ]]

 [[ 907.16455 1003.06067]]

 [[ 962.08704  995.13666]]

 [[1017.96606  987.04517]]

 [[1074.9368   978.7552 ]]

 [[ 800.4856  1076.3597 ]]

 [[ 853.8911  1069.2258 ]]

 [[ 908.235   1061.9205 ]]

 [[ 963.62115 1054.48   ]]

 [[1019.96783 1046.874  ]]

 [[1077.4739  1039.0941 ]]

 [[ 800.6908  1135.1959 ]]

 [[ 854.5366  1128.5643 ]]

 [[ 909.3358  1121.7584 ]]

 [[ 965.19885 1114.8219 ]]

 [[1022.0648  1107.7401 ]]

 [[1080.07    1100.508  ]]

 [[ 800.9539  1195.0249 ]]

 [[ 855.19824 1188.8575 ]]

 [[ 910.5219  1182.5785 ]]

 [[ 966.83417 1176.2112 ]]

 [[1024.2583  1169.6451 ]]

 [[1082.7968  1162.9264 ]]

 [[ 801.20496 1255.7719 ]]

 [[ 855.9326  1250.1345 ]]

 [[ 911.6747  1244.4015 ]]

 [[ 968.50574 1238.5399 ]]

 [[1026.4291  1232.5737 ]]

 [[1085.4778  1226.3959 ]]

 [[ 801.4864  1317.5177 ]]

 [[ 856.63513 1312.4724 ]]

 [[ 912.91095 1307.2211 ]]

 [[ 970.2046  1301.9254 ]]

 [[1028.6698  1296.5042 ]]

 [[1088.2369  1290.9246 ]]]","[[  0.   0.   0.]
 [120.   0.   0.]
 [240.   0.   0.]
 [360.   0.   0.]
 [480.   0.   0.]
 [600.   0.   0.]
 [  0. 120.   0.]
 [120. 120.   0.]
 [240. 120.   0.]
 [360. 120.   0.]
 [480. 120.   0.]
 [600. 120.   0.]
 [  0. 240.   0.]
 [120. 240.   0.]
 [240. 240.   0.]
 [360. 240.   0.]
 [480. 240.   0.]
 [600. 240.   0.]
 [  0. 360.   0.]
 [120. 360.   0.]
 [240. 360.   0.]
 [360. 360.   0.]
 [480. 360.   0.]
 [600. 360.   0.]
 [  0. 480.   0.]
 [120. 480.   0.]
 [240. 480.   0.]
 [360. 480.   0.]
 [480. 480.   0.]
 [600. 480.   0.]
 [  0. 600.   0.]
 [120. 600.   0.]
 [240. 600.   0.]
 [360. 600.   0.]
 [480. 600.   0.]
 [600. 600.   0.]
 [  0. 720.   0.]
 [120. 720.   0.]
 [240. 720.   0.]
 [360. 720.   0.]
 [480. 720.   0.]
 [600. 720.   0.]]","[[-0.23622166]
 [ 0.28289145]
 [-0.10151071]]","[[-941.79276764]
 [ -77.09529222]
 [3575.68309548]]",0.006678662846818849
/home/user/Downloads/Illmenau/KalibrierungA/Kalibrierung1a/00000022_000000008497D518.tiff,"[[[1444.631    920.69995]]

 [[1497.9796   907.69556]]

 [[1553.1028   894.2413 ]]

 [[1610.3037   880.30994]]

 [[1669.7128   865.7702 ]]

 [[1731.4895   850.5953 ]]

 [[1449.7306   977.8987 ]]

 [[1503.6158   965.88245]]

 [[1559.3394   953.4221 ]]

 [[1617.1493   940.48944]]

 [[1677.2617   927.01025]]

 [[1739.7172   912.9559 ]]

 [[1454.8925  1036.0018 ]]

 [[1509.2887  1024.9603 ]]

 [[1565.5856  1013.53754]]

 [[1624.1586  1001.6508 ]]

 [[1684.8807   989.2719 ]]

 [[1748.1145   976.3539 ]]

 [[1460.0668  1095.1013 ]]

 [[1515.1348  1085.1116 ]]

 [[1572.0181  1074.7179 ]]

 [[1631.1958  1063.914  ]]

 [[1692.5975  1052.6399 ]]

 [[1756.6353  1040.9578 ]]

 [[1465.3634  1155.1685 ]]

 [[1521.0636  1146.2196 ]]

 [[1578.6107  1136.9431 ]]

 [[1638.409   1127.2938 ]]

 [[1700.625   1117.2135 ]]

 [[1765.2981  1106.6874 ]]

 [[1470.9172  1216.2129 ]]

 [[1527.1085  1208.3693 ]]

 [[1585.2645  1200.2279 ]]

 [[1645.6885  1191.7832 ]]

 [[1708.6519  1182.918  ]]

 [[1774.1056  1173.6619 ]]

 [[1476.4036  1278.3597 ]]

 [[1533.236   1271.628  ]]

 [[1592.0905  1264.6815 ]]

 [[1653.1442  1257.4036 ]]

 [[1716.8182  1249.8143 ]]

 [[1783.0718  1241.8799 ]]]","[[  0.   0.   0.]
 [120.   0.   0.]
 [240.   0.   0.]
 [360.   0.   0.]
 [480.   0.   0.]
 [600.   0.   0.]
 [  0. 120.   0.]
 [120. 120.   0.]
 [240. 120.   0.]
 [360. 120.   0.]
 [480. 120.   0.]
 [600. 120.   0.]
 [  0. 240.   0.]
 [120. 240.   0.]
 [240. 240.   0.]
 [360. 240.   0.]
 [480. 240.   0.]
 [600. 240.   0.]
 [  0. 360.   0.]
 [120. 360.   0.]
 [240. 360.   0.]
 [360. 360.   0.]
 [480. 360.   0.]
 [600. 360.   0.]
 [  0. 480.   0.]
 [120. 480.   0.]
 [240. 480.   0.]
 [360. 480.   0.]
 [480. 480.   0.]
 [600. 480.   0.]
 [  0. 600.   0.]
 [120. 600.   0.]
 [240. 600.   0.]
 [360. 600.   0.]
 [480. 600.   0.]
 [600. 600.   0.]
 [  0. 720.   0.]
 [120. 720.   0.]
 [240. 720.   0.]
 [360. 720.   0.]
 [480. 720.   0.]
 [600. 720.   0.]]","[[-0.22776863]
 [ 0.58800965]
 [-0.13357112]]","[[ 370.43294326]
 [-159.50436179]
 [3541.52619827]]",0.012444763634301257
/home/user/Downloads/Illmenau/KalibrierungA/Kalibrierung1a/00000023_0000000084982D0B.tiff,"[[[1828.3058   985.09076]]

 [[1878.0148   975.10065]]

 [[1929.1833   964.7823 ]]

 [[1981.9209   954.1428 ]]

 [[2036.3892   943.1853 ]]

 [[2093.3374   931.74945]]

 [[1835.2494  1033.0092 ]]

 [[1885.4335  1023.7252 ]]

 [[1937.0449  1014.12115]]

 [[1990.3071  1004.20374]]

 [[2045.3059   993.97626]]

 [[2102.7524   983.2922 ]]

 [[1842.2577  1081.5597 ]]

 [[1892.8824  1072.9553 ]]

 [[1944.9816  1064.08   ]]

 [[1998.7805  1054.9012 ]]

 [[2054.3044  1045.4146 ]]

 [[2112.3645  1035.5165 ]]

 [[1849.3568  1130.7982 ]]

 [[1900.4381  1122.9186 ]]

 [[1953.0559  1114.7511 ]]

 [[2007.3746  1106.3363 ]]

 [[2063.4666  1097.6284 ]]

 [[2122.1357  1088.5433 ]]

 [[1856.5602  1180.6758 ]]

 [[1908.1288  1173.5337 ]]

 [[1961.2528  1166.1376 ]]

 [[2016.0892  1158.5055 ]]

 [[2072.7874  1150.6144 ]]

 [[2132.0383  1142.3954 ]]

 [[1863.8644  1231.2439 ]]

 [[1915.9188  1224.8464 ]]

 [[1969.5239  1218.257  ]]

 [[2024.8997  1211.433  ]]

 [[2082.1829  1204.3475 ]]

 [[2141.9797  1197.0122 ]]

 [[1871.2455  1282.5251 ]]

 [[1923.785   1276.9238 ]]

 [[1977.9161  1271.1449 ]]

 [[2033.861   1265.1785 ]]

 [[2091.7598  1258.9456 ]]

 [[2152.1084  1252.4703 ]]]","[[  0.   0.   0.]
 [120.   0.   0.]
 [240.   0.   0.]
 [360.   0.   0.]
 [480.   0.   0.]
 [600.   0.   0.]
 [  0. 120.   0.]
 [120. 120.   0.]
 [240. 120.   0.]
 [360. 120.   0.]
 [480. 120.   0.]
 [600. 120.   0.]
 [  0. 240.   0.]
 [120. 240.   0.]
 [240. 240.   0.]
 [360. 240.   0.]
 [480. 240.   0.]
 [600. 240.   0.]
 [  0. 360.   0.]
 [120. 360.   0.]
 [240. 360.   0.]
 [360. 360.   0.]
 [480. 360.   0.]
 [600. 360.   0.]
 [  0. 480.   0.]
 [120. 480.   0.]
 [240. 480.   0.]
 [360. 480.   0.]
 [480. 480.   0.]
 [600. 480.   0.]
 [  0. 600.   0.]
 [120. 600.   0.]
 [240. 600.   0.]
 [360. 600.   0.]
 [480. 600.   0.]
 [600. 600.   0.]
 [  0. 720.   0.]
 [120. 720.   0.]
 [240. 720.   0.]
 [360. 720.   0.]
 [480. 720.   0.]
 [600. 720.   0.]]","[[-0.22570824]
 [ 0.60144981]
 [-0.13630014]]","[[1378.55870051]
 [ -33.70739378]
 [4253.42189779]]",0.024731705516260454
/home/user/Downloads/Illmenau/KalibrierungA/Kalibrierung1a/00000024_0000000084988EE2.tiff,"[[[1242.2461 1051.0452]]

 [[1284.1687 1044.3235]]

 [[1326.7128 1037.529 ]]

 [[1370.0879 1030.5951]]

 [[1414.3577 1023.5008]]

 [[1459.6906 1016.2265]]

 [[1244.9457 1095.5792]]

 [[1287.1583 1089.3114]]

 [[1329.9896 1082.9318]]

 [[1373.6836 1076.4194]]

 [[1418.2751 1069.76  ]]

 [[1463.9702 1062.9246]]

 [[1247.6461 1140.6825]]

 [[1290.1495 1134.798 ]]

 [[1333.2843 1128.856 ]]

 [[1377.3094 1122.7772]]

 [[1422.2139 1116.5532]]

 [[1468.2573 1110.1482]]

 [[1250.3547 1186.3239]]

 [[1293.1874 1180.9171]]

 [[1336.6108 1175.3762]]

 [[1380.998  1169.7468]]

 [[1426.2314 1163.9539]]

 [[1472.6355 1158.0668]]

 [[1253.1011 1232.531 ]]

 [[1296.279  1227.5625]]

 [[1340.0659 1222.481 ]]

 [[1384.7109 1217.3082]]

 [[1430.3552 1211.9872]]

 [[1477.1663 1206.5621]]

 [[1255.9479 1279.3546]]

 [[1299.4468 1274.817 ]]

 [[1343.5168 1270.1971]]

 [[1388.4893 1265.5052]]

 [[1434.4943 1260.6489]]

 [[1481.6381 1255.6975]]

 [[1258.8738 1326.7563]]

 [[1302.6063 1322.7144]]

 [[1347.0093 1318.5391]]

 [[1392.303  1314.3184]]

 [[1438.6793 1309.9628]]

 [[1486.1893 1305.5068]]]","[[  0.   0.   0.]
 [120.   0.   0.]
 [240.   0.   0.]
 [360.   0.   0.]
 [480.   0.   0.]
 [600.   0.   0.]
 [  0. 120.   0.]
 [120. 120.   0.]
 [240. 120.   0.]
 [360. 120.   0.]
 [480. 120.   0.]
 [600. 120.   0.]
 [  0. 240.   0.]
 [120. 240.   0.]
 [240. 240.   0.]
 [360. 240.   0.]
 [480. 240.   0.]
 [600. 240.   0.]
 [  0. 360.   0.]
 [120. 360.   0.]
 [240. 360.   0.]
 [360. 360.   0.]
 [480. 360.   0.]
 [600. 360.   0.]
 [  0. 480.   0.]
 [120. 480.   0.]
 [240. 480.   0.]
 [360. 480.   0.]
 [480. 480.   0.]
 [600. 480.   0.]
 [  0. 600.   0.]
 [120. 600.   0.]
 [240. 600.   0.]
 [360. 600.   0.]
 [480. 600.   0.]
 [600. 600.   0.]
 [  0. 720.   0.]
 [120. 720.   0.]
 [240. 720.   0.]
 [360. 720.   0.]
 [480. 720.   0.]
 [600. 720.   0.]]","[[-0.23707956]
 [ 0.4055727 ]
 [-0.11282875]]","[[ -50.55950097]
 [ 135.41428114]
 [4619.52813422]]",0.01259102229846245
/home/user/Downloads/Illmenau/KalibrierungA/Kalibrierung1a/00000025_000000008498E2AF.tiff,"[[[ 818.56793 1089.1532 ]]

 [[ 860.7592  1085.079  ]]

 [[ 902.8204  1080.9751 ]]

 [[ 945.155   1076.8809 ]]

 [[ 987.81024 1072.7236 ]]

 [[1030.8826  1068.5424 ]]

 [[ 818.8467  1132.267  ]]

 [[ 861.2631  1128.3112 ]]

 [[ 903.6006  1124.3557 ]]

 [[ 946.2006  1120.3457 ]]

 [[ 989.10785 1116.3201 ]]

 [[1032.4264  1112.2572 ]]

 [[ 819.08954 1175.8362 ]]

 [[ 861.77435 1171.9939 ]]

 [[ 904.34607 1168.1619 ]]

 [[ 947.1972  1164.324  ]]

 [[ 990.3853  1160.4121 ]]

 [[1033.9862  1156.455  ]]

 [[ 819.3408  1219.9227 ]]

 [[ 862.28577 1216.2043 ]]

 [[ 905.14404 1212.4921 ]]

 [[ 948.2775  1208.7845 ]]

 [[ 991.68134 1205.0236 ]]

 [[1035.5681  1201.2136 ]]

 [[ 819.6816  1264.5731 ]]

 [[ 862.8543  1260.9448 ]]

 [[ 905.9647  1257.3779 ]]

 [[ 949.3338  1253.7864 ]]

 [[ 993.05023 1250.1708 ]]

 [[1037.241   1246.4651 ]]

 [[ 819.82794 1309.6941 ]]

 [[ 863.4335  1306.2089 ]]

 [[ 906.76685 1302.7634 ]]

 [[ 950.387   1299.3522 ]]

 [[ 994.41876 1295.837  ]]

 [[1038.8542  1292.2847 ]]

 [[ 820.2767  1355.3757 ]]

 [[ 863.97845 1352.0547 ]]

 [[ 907.5783  1348.762  ]]

 [[ 951.49945 1345.4125 ]]

 [[ 995.7616  1342.0792 ]]

 [[1040.4772  1338.6711 ]]]","[[  0.   0.   0.]
 [120.   0.   0.]
 [240.   0.   0.]
 [360.   0.   0.]
 [480.   0.   0.]
 [600.   0.   0.]
 [  0. 120.   0.]
 [120. 120.   0.]
 [240. 120.   0.]
 [360. 120.   0.]
 [480. 120.   0.]
 [600. 120.   0.]
 [  0. 240.   0.]
 [120. 240.   0.]
 [240. 240.   0.]
 [360. 240.   0.]
 [480. 240.   0.]
 [600. 240.   0.]
 [  0. 360.   0.]
 [120. 360.   0.]
 [240. 360.   0.]
 [360. 360.   0.]
 [480. 360.   0.]
 [600. 360.   0.]
 [  0. 480.   0.]
 [120. 480.   0.]
 [240. 480.   0.]
 [360. 480.   0.]
 [480. 480.   0.]
 [600. 480.   0.]
 [  0. 600.   0.]
 [120. 600.   0.]
 [240. 600.   0.]
 [360. 600.   0.]
 [480. 600.   0.]
 [600. 600.   0.]
 [  0. 720.   0.]
 [120. 720.   0.]
 [240. 720.   0.]
 [360. 720.   0.]
 [480. 720.   0.]
 [600. 720.   0.]]","[[-0.24526763]
 [ 0.14017127]
 [-0.08464679]]","[[-1214.20666103]
 [  246.6607547 ]
 [ 4801.32068281]]",0.01712895605126758
/home/user/Downloads/Illmenau/KalibrierungA/Kalibrierung1a/00000026_000000008499338E.tiff,"[[[ 213.90005 1152.4125 ]]

 [[ 253.61945 1149.8578 ]]

 [[ 293.19376 1147.2991 ]]

 [[ 332.7765  1144.7578 ]]

 [[ 372.36896 1142.1926 ]]

 [[ 412.07312 1139.628  ]]

 [[ 210.81442 1192.1505 ]]

 [[ 250.72356 1189.6263 ]]

 [[ 290.53088 1187.0865 ]]

 [[ 330.33267 1184.5428 ]]

 [[ 370.15622 1182.0045 ]]

 [[ 410.05655 1179.4381 ]]

 [[ 207.66734 1232.287  ]]

 [[ 247.80273 1229.7886 ]]

 [[ 287.8015  1227.2651 ]]

 [[ 327.84506 1224.7195 ]]

 [[ 367.8803  1222.179  ]]

 [[ 408.02057 1219.6216 ]]

 [[ 204.535   1272.8964 ]]

 [[ 244.85245 1270.3882 ]]

 [[ 285.08002 1267.8824 ]]

 [[ 325.33344 1265.3566 ]]

 [[ 365.62073 1262.8081 ]]

 [[ 405.96973 1260.2643 ]]

 [[ 201.4176  1313.9136 ]]

 [[ 241.92072 1311.4229 ]]

 [[ 282.39996 1308.909  ]]

 [[ 322.85764 1306.4026 ]]

 [[ 363.37796 1303.8757 ]]

 [[ 403.97113 1301.3282 ]]

 [[ 198.26862 1355.428  ]]

 [[ 238.96027 1352.928  ]]

 [[ 279.65765 1350.4088 ]]

 [[ 320.30203 1347.9198 ]]

 [[ 361.07748 1345.3767 ]]

 [[ 401.89114 1342.8206 ]]

 [[ 194.99872 1397.4558 ]]

 [[ 235.9645  1394.9154 ]]

 [[ 276.85297 1392.4069 ]]

 [[ 317.74924 1389.8792 ]]

 [[ 358.76822 1387.3304 ]]

 [[ 399.8237  1384.7948 ]]]","[[  0.   0.   0.]
 [120.   0.   0.]
 [240.   0.   0.]
 [360.   0.   0.]
 [480.   0.   0.]
 [600.   0.   0.]
 [  0. 120.   0.]
 [120. 120.   0.]
 [240. 120.   0.]
 [360. 120.   0.]
 [480. 120.   0.]
 [600. 120.   0.]
 [  0. 240.   0.]
 [120. 240.   0.]
 [240. 240.   0.]
 [360. 240.   0.]
 [480. 240.   0.]
 [600. 240.   0.]
 [  0. 360.   0.]
 [120. 360.   0.]
 [240. 360.   0.]
 [360. 360.   0.]
 [480. 360.   0.]
 [600. 360.   0.]
 [  0. 480.   0.]
 [120. 480.   0.]
 [240. 480.   0.]
 [360. 480.   0.]
 [480. 480.   0.]
 [600. 480.   0.]
 [  0. 600.   0.]
 [120. 600.   0.]
 [240. 600.   0.]
 [360. 600.   0.]
 [480. 600.   0.]
 [600. 600.   0.]
 [  0. 720.   0.]
 [120. 720.   0.]
 [240. 720.   0.]
 [360. 720.   0.]
 [480. 720.   0.]
 [600. 720.   0.]]","[[-0.24219464]
 [ 0.02345136]
 [-0.06681595]]","[[-3139.40288209]
 [  465.10687432]
 [ 5241.82938155]]",0.007694362506926377
/home/user/Downloads/Illmenau/KalibrierungA/Kalibrierung1a/00000027_0000000084998F7A.tiff,"[[[ 878.2984  1158.0535 ]]

 [[ 911.7512  1154.9254 ]]

 [[ 945.30286 1151.7827 ]]

 [[ 979.0741  1148.6088 ]]

 [[1013.0712  1145.3578 ]]

 [[1047.3606  1142.1389 ]]

 [[ 878.6307  1193.0896 ]]

 [[ 912.27484 1190.0807 ]]

 [[ 945.9673  1187.0419 ]]

 [[ 979.9015  1183.9686 ]]

 [[1014.09625 1180.8655 ]]

 [[1048.579   1177.735  ]]

 [[ 879.0736  1228.4221 ]]

 [[ 912.75525 1225.5491 ]]

 [[ 946.6372  1222.5941 ]]

 [[ 980.74994 1219.6578 ]]

 [[1015.087   1216.6697 ]]

 [[1049.7524  1213.6418 ]]

 [[ 879.49414 1264.1267 ]]

 [[ 913.29767 1261.3212 ]]

 [[ 947.3139  1258.5204 ]]

 [[ 981.6029  1255.6776 ]]

 [[1016.09875 1252.82   ]]

 [[1050.9617  1249.8936 ]]

 [[ 879.8238  1300.1099 ]]

 [[ 913.82776 1297.453  ]]

 [[ 948.045   1294.7721 ]]

 [[ 982.4749  1292.0186 ]]

 [[1017.18756 1289.2913 ]]

 [[1052.212   1286.5034 ]]

 [[ 880.23553 1336.462  ]]

 [[ 914.4011  1333.9121 ]]

 [[ 948.7365  1331.3501 ]]

 [[ 983.34155 1328.7461 ]]

 [[1018.2445  1326.1201 ]]

 [[1053.4612  1323.4469 ]]

 [[ 880.6475  1373.1862 ]]

 [[ 914.9294  1370.7443 ]]

 [[ 949.4793  1368.2941 ]]

 [[ 984.16754 1365.8044 ]]

 [[1019.3451  1363.3203 ]]

 [[1054.709   1360.7054 ]]]","[[  0.   0.   0.]
 [120.   0.   0.]
 [240.   0.   0.]
 [360.   0.   0.]
 [480.   0.   0.]
 [600.   0.   0.]
 [  0. 120.   0.]
 [120. 120.   0.]
 [240. 120.   0.]
 [360. 120.   0.]
 [480. 120.   0.]
 [600. 120.   0.]
 [  0. 240.   0.]
 [120. 240.   0.]
 [240. 240.   0.]
 [360. 240.   0.]
 [480. 240.   0.]
 [600. 240.   0.]
 [  0. 360.   0.]
 [120. 360.   0.]
 [240. 360.   0.]
 [360. 360.   0.]
 [480. 360.   0.]
 [600. 360.   0.]
 [  0. 480.   0.]
 [120. 480.   0.]
 [240. 480.   0.]
 [360. 480.   0.]
 [480. 480.   0.]
 [600. 480.   0.]
 [  0. 600.   0.]
 [120. 600.   0.]
 [240. 600.   0.]
 [360. 600.   0.]
 [480. 600.   0.]
 [600. 600.   0.]
 [  0. 720.   0.]
 [120. 720.   0.]
 [240. 720.   0.]
 [360. 720.   0.]
 [480. 720.   0.]
 [600. 720.   0.]]","[[-0.24027884]
 [ 0.18431849]
 [-0.08506641]]","[[-1303.57192875]
 [  540.31994642]
 [ 5955.59889228]]",0.00644306618686722
/home/user/Downloads/Illmenau/KalibrierungA/Kalibrierung1a/00000028_000000008499E809.tiff,"[[[1482.3536 1100.6377]]

 [[1519.5771 1095.4694]]

 [[1557.3073 1090.2512]]

 [[1595.6232 1084.9152]]

 [[1634.592  1079.5198]]

 [[1674.1758 1074.03  ]]

 [[1485.9254 1138.3053]]

 [[1523.3561 1133.4476]]

 [[1561.3263 1128.517 ]]

 [[1599.8887 1123.4652]]

 [[1639.0995 1118.3625]]

 [[1678.9332 1113.1409]]

 [[1489.4904 1176.3447]]

 [[1527.162  1171.7828]]

 [[1565.3353 1167.1296]]

 [[1604.1877 1162.3883]]

 [[1643.634  1157.5736]]

 [[1683.7247 1152.6552]]

 [[1493.1342 1214.8295]]

 [[1531.0175 1210.5349]]

 [[1569.4509 1206.1597]]

 [[1608.519  1201.7336]]

 [[1648.227  1197.1995]]

 [[1688.5934 1192.5956]]

 [[1496.8176 1253.657 ]]

 [[1534.937  1249.686 ]]

 [[1573.6208 1245.6344]]

 [[1612.9153 1241.4941]]

 [[1652.8751 1237.2667]]

 [[1693.5731 1232.9918]]

 [[1500.529  1292.8909]]

 [[1538.8885 1289.2252]]

 [[1577.7825 1285.4624]]

 [[1617.3226 1281.667 ]]

 [[1657.5818 1277.7771]]

 [[1698.5728 1273.7904]]

 [[1504.2712 1332.5795]]

 [[1542.8667 1329.2362]]

 [[1581.9993 1325.7976]]

 [[1621.8121 1322.3074]]

 [[1662.3015 1318.7477]]

 [[1703.5928 1315.1075]]]","[[  0.   0.   0.]
 [120.   0.   0.]
 [240.   0.   0.]
 [360.   0.   0.]
 [480.   0.   0.]
 [600.   0.   0.]
 [  0. 120.   0.]
 [120. 120.   0.]
 [240. 120.   0.]
 [360. 120.   0.]
 [480. 120.   0.]
 [600. 120.   0.]
 [  0. 240.   0.]
 [120. 240.   0.]
 [240. 240.   0.]
 [360. 240.   0.]
 [480. 240.   0.]
 [600. 240.   0.]
 [  0. 360.   0.]
 [120. 360.   0.]
 [240. 360.   0.]
 [360. 360.   0.]
 [480. 360.   0.]
 [600. 360.   0.]
 [  0. 480.   0.]
 [120. 480.   0.]
 [240. 480.   0.]
 [360. 480.   0.]
 [480. 480.   0.]
 [600. 480.   0.]
 [  0. 600.   0.]
 [120. 600.   0.]
 [240. 600.   0.]
 [360. 600.   0.]
 [480. 600.   0.]
 [600. 600.   0.]
 [  0. 720.   0.]
 [120. 720.   0.]
 [240. 720.   0.]
 [360. 720.   0.]
 [480. 720.   0.]
 [600. 720.   0.]]","[[-0.23379771]
 [ 0.39253396]
 [-0.1120466 ]]","[[ 693.2581819]
 [ 317.1495333]
 [5492.1472155]]",0.006003336276849342
/home/user/Downloads/Illmenau/KalibrierungA/Kalibrierung1a/00000029_00000000849A4404.tiff,"[[[1228.0264 1171.4984]]

 [[1258.9182 1168.572 ]]

 [[1289.9325 1165.649 ]]

 [[1321.1786 1162.6654]]

 [[1352.613  1159.6716]]

 [[1384.3138 1156.6694]]

 [[1229.8894 1202.9613]]

 [[1260.8633 1200.1185]]

 [[1292.0052 1197.2635]]

 [[1323.405  1194.4132]]

 [[1354.998  1191.5194]]

 [[1386.8184 1188.6025]]

 [[1231.7003 1234.602 ]]

 [[1262.8029 1231.9006]]

 [[1294.0922 1229.1555]]

 [[1325.6351 1226.3932]]

 [[1357.3848 1223.5981]]

 [[1389.3439 1220.7906]]

 [[1233.5101 1266.5508]]

 [[1264.7656 1263.9768]]

 [[1296.2144 1261.337 ]]

 [[1327.8927 1258.6748]]

 [[1359.7454 1255.9777]]

 [[1391.9073 1253.2653]]

 [[1235.3414 1298.7852]]

 [[1266.7706 1296.2792]]

 [[1298.3442 1293.7552]]

 [[1330.1718 1291.2043]]

 [[1362.2218 1288.6202]]

 [[1394.4988 1286.0344]]

 [[1237.2288 1331.2883]]

 [[1268.7831 1328.8751]]

 [[1300.5117 1326.4755]]

 [[1332.3842 1324.0438]]

 [[1364.6144 1321.5774]]

 [[1397.094  1319.1008]]

 [[1239.122  1364.0798]]

 [[1270.7927 1361.7865]]

 [[1302.655  1359.4897]]

 [[1334.7662 1357.1702]]

 [[1367.1135 1354.8323]]

 [[1399.6996 1352.4592]]]","[[  0.   0.   0.]
 [120.   0.   0.]
 [240.   0.   0.]
 [360.   0.   0.]
 [480.   0.   0.]
 [600.   0.   0.]
 [  0. 120.   0.]
 [120. 120.   0.]
 [240. 120.   0.]
 [360. 120.   0.]
 [480. 120.   0.]
 [600. 120.   0.]
 [  0. 240.   0.]
 [120. 240.   0.]
 [240. 240.   0.]
 [360. 240.   0.]
 [480. 240.   0.]
 [600. 240.   0.]
 [  0. 360.   0.]
 [120. 360.   0.]
 [240. 360.   0.]
 [360. 360.   0.]
 [480. 360.   0.]
 [600. 360.   0.]
 [  0. 480.   0.]
 [120. 480.   0.]
 [240. 480.   0.]
 [360. 480.   0.]
 [480. 480.   0.]
 [600. 480.   0.]
 [  0. 600.   0.]
 [120. 600.   0.]
 [240. 600.   0.]
 [360. 600.   0.]
 [480. 600.   0.]
 [600. 600.   0.]
 [  0. 720.   0.]
 [120. 720.   0.]
 [240. 720.   0.]
 [360. 720.   0.]
 [480. 720.   0.]
 [600. 720.   0.]]","[[-0.24021506]
 [ 0.20777804]
 [-0.08763361]]","[[-126.6666784 ]
 [ 652.35142149]
 [6643.00785572]]",0.004534640988516943
/home/user/Downloads/Illmenau/KalibrierungA/Kalibrierung1a/00000030_00000000849B30C6.tiff,"[[[ 803.0669  1337.6946 ]]

 [[ 858.7385  1333.5221 ]]

 [[ 915.4197  1329.2308 ]]

 [[ 973.09546 1324.8953 ]]

 [[1031.8824  1320.4142 ]]

 [[1091.722   1315.8297 ]]

 [[ 802.7417  1400.7179 ]]

 [[ 858.9032  1397.0507 ]]

 [[ 916.00256 1393.3722 ]]

 [[ 974.285   1389.5238 ]]

 [[1033.554   1385.5938 ]]

 [[1093.9369  1381.6829 ]]

 [[ 802.45746 1464.6655 ]]

 [[ 858.9937  1461.6053 ]]

 [[ 916.70105 1458.3499 ]]

 [[ 975.44617 1455.1473 ]]

 [[1035.1927  1451.8922 ]]

 [[1096.1483  1448.4974 ]]

 [[ 802.18964 1529.6292 ]]

 [[ 859.20953 1527.1416 ]]

 [[ 917.4169  1524.469  ]]

 [[ 976.5354  1521.981  ]]

 [[1036.9644  1519.1459 ]]

 [[1098.4226  1516.4269 ]]

 [[ 801.8593  1595.6807 ]]

 [[ 859.48364 1593.7191 ]]

 [[ 918.011   1591.8735 ]]

 [[ 977.84766 1589.6947 ]]

 [[1038.7874  1587.6107 ]]

 [[1100.8685  1585.4349 ]]

 [[ 801.5756  1662.8646 ]]

 [[ 859.6958  1661.4785 ]]

 [[ 918.8302  1660.0826 ]]

 [[ 979.0913  1658.6877 ]]

 [[1040.6439  1657.2917 ]]

 [[1103.2133  1655.8727 ]]

 [[ 801.28064 1731.0385 ]]

 [[ 859.9339  1730.3169 ]]

 [[ 919.49506 1729.6376 ]]

 [[ 980.34    1728.9049 ]]

 [[1042.4481  1728.1606 ]]

 [[1105.6448  1727.1648 ]]]","[[  0.   0.   0.]
 [120.   0.   0.]
 [240.   0.   0.]
 [360.   0.   0.]
 [480.   0.   0.]
 [600.   0.   0.]
 [  0. 120.   0.]
 [120. 120.   0.]
 [240. 120.   0.]
 [360. 120.   0.]
 [480. 120.   0.]
 [600. 120.   0.]
 [  0. 240.   0.]
 [120. 240.   0.]
 [240. 240.   0.]
 [360. 240.   0.]
 [480. 240.   0.]
 [600. 240.   0.]
 [  0. 360.   0.]
 [120. 360.   0.]
 [240. 360.   0.]
 [360. 360.   0.]
 [480. 360.   0.]
 [600. 360.   0.]
 [  0. 480.   0.]
 [120. 480.   0.]
 [240. 480.   0.]
 [360. 480.   0.]
 [480. 480.   0.]
 [600. 480.   0.]
 [  0. 600.   0.]
 [120. 600.   0.]
 [240. 600.   0.]
 [360. 600.   0.]
 [480. 600.   0.]
 [600. 600.   0.]
 [  0. 720.   0.]
 [120. 720.   0.]
 [240. 720.   0.]
 [360. 720.   0.]
 [480. 720.   0.]
 [600. 720.   0.]]","[[-0.23370344]
 [ 0.26716913]
 [-0.08912985]]","[[-891.75081692]
 [ 659.03048119]
 [3400.66875084]]",0.011891803703215057
/home/user/Downloads/Illmenau/KalibrierungA/Kalibrierung1a/00000032_00000000849BCEEA.tiff,"[[[1477.3104 1299.251 ]]

 [[1533.4882 1293.6008]]

 [[1591.7212 1287.7219]]

 [[1652.2886 1281.5715]]

 [[1715.4193 1275.1797]]

 [[1781.2158 1268.5007]]

 [[1482.3837 1362.389 ]]

 [[1539.155  1358.0153]]

 [[1597.9288 1353.3759]]

 [[1659.2308 1348.5763]]

 [[1723.0925 1343.5562]]

 [[1789.6237 1338.28  ]]

 [[1487.3876 1426.5596]]

 [[1544.7727 1423.4064]]

 [[1604.1906 1420.0894]]

 [[1666.256  1416.6906]]

 [[1730.7955 1413.04  ]]

 [[1798.1327 1409.2251]]

 [[1492.524  1491.7902]]

 [[1550.552  1489.964 ]]

 [[1610.6202 1487.9225]]

 [[1673.3276 1485.9723]]

 [[1738.6088 1483.7557]]

 [[1806.7921 1481.5343]]

 [[1497.8772 1558.1254]]

 [[1556.4594 1557.6018]]

 [[1617.2643 1556.9857]]

 [[1680.6427 1556.3867]]

 [[1746.6945 1555.728 ]]

 [[1815.7341 1555.0902]]

 [[1503.1095 1625.5116]]

 [[1562.3708 1626.3431]]

 [[1623.8684 1627.1982]]

 [[1687.9244 1628.2112]]

 [[1754.8153 1629.0535]]

 [[1824.698  1629.9937]]

 [[1508.6017 1693.9789]]

 [[1568.4789 1696.3663]]

 [[1630.635  1698.7423]]

 [[1695.3597 1701.0896]]

 [[1763.1167 1703.7328]]

 [[1833.872  1706.2646]]]","[[  0.   0.   0.]
 [120.   0.   0.]
 [240.   0.   0.]
 [360.   0.   0.]
 [480.   0.   0.]
 [600.   0.   0.]
 [  0. 120.   0.]
 [120. 120.   0.]
 [240. 120.   0.]
 [360. 120.   0.]
 [480. 120.   0.]
 [600. 120.   0.]
 [  0. 240.   0.]
 [120. 240.   0.]
 [240. 240.   0.]
 [360. 240.   0.]
 [480. 240.   0.]
 [600. 240.   0.]
 [  0. 360.   0.]
 [120. 360.   0.]
 [240. 360.   0.]
 [360. 360.   0.]
 [480. 360.   0.]
 [600. 360.   0.]
 [  0. 480.   0.]
 [120. 480.   0.]
 [240. 480.   0.]
 [360. 480.   0.]
 [480. 480.   0.]
 [600. 480.   0.]
 [  0. 600.   0.]
 [120. 600.   0.]
 [240. 600.   0.]
 [360. 600.   0.]
 [480. 600.   0.]
 [600. 600.   0.]
 [  0. 720.   0.]
 [120. 720.   0.]
 [240. 720.   0.]
 [360. 720.   0.]
 [480. 720.   0.]
 [600. 720.   0.]]","[[-0.22273065]
 [ 0.60473864]
 [-0.12547602]]","[[ 417.02866657]
 [ 579.0808315 ]
 [3375.49392726]]",0.017496436523271035
/home/user/Downloads/Illmenau/KalibrierungA/Kalibrierung1a/00000033_00000000849C221B.tiff,"[[[1903.9398 1297.9313]]

 [[1956.0557 1293.0585]]

 [[2009.881  1288.016 ]]

 [[2065.6208 1282.7869]]

 [[2123.3923 1277.3693]]

 [[2183.9736 1271.759 ]]

 [[1911.0924 1349.8484]]

 [[1963.6437 1345.8842]]

 [[2018.0078 1341.7227]]

 [[2074.3057 1337.4469]]

 [[2132.703  1332.9835]]

 [[2193.8372 1328.4208]]

 [[1918.24   1402.4081]]

 [[1971.3535 1399.3242]]

 [[2026.2269 1396.1268]]

 [[2083.0955 1392.7883]]

 [[2142.0437 1389.3364]]

 [[2203.9758 1385.7623]]

 [[1925.474  1455.6998]]

 [[1979.1475 1453.5774]]

 [[2034.5728 1451.2836]]

 [[2092.0264 1448.9672]]

 [[2151.5608 1446.4497]]

 [[2214.082  1443.9685]]

 [[1932.893  1509.693 ]]

 [[1987.06   1508.5345]]

 [[2043.0614 1507.2177]]

 [[2101.0232 1505.8843]]

 [[2161.2488 1504.4681]]

 [[2224.6519 1503.0851]]

 [[1940.3336 1564.4453]]

 [[1995.0795 1564.2294]]

 [[2051.6746 1563.9473]]

 [[2110.157  1563.6736]]

 [[2171.0356 1563.3601]]

 [[2234.9253 1563.0464]]

 [[1947.8972 1619.9681]]

 [[2003.2178 1620.773 ]]

 [[2060.2961 1621.4944]]

 [[2119.4575 1622.2457]]

 [[2181.003  1623.119 ]]

 [[2245.457  1623.9158]]]","[[  0.   0.   0.]
 [120.   0.   0.]
 [240.   0.   0.]
 [360.   0.   0.]
 [480.   0.   0.]
 [600.   0.   0.]
 [  0. 120.   0.]
 [120. 120.   0.]
 [240. 120.   0.]
 [360. 120.   0.]
 [480. 120.   0.]
 [600. 120.   0.]
 [  0. 240.   0.]
 [120. 240.   0.]
 [240. 240.   0.]
 [360. 240.   0.]
 [480. 240.   0.]
 [600. 240.   0.]
 [  0. 360.   0.]
 [120. 360.   0.]
 [240. 360.   0.]
 [360. 360.   0.]
 [480. 360.   0.]
 [600. 360.   0.]
 [  0. 480.   0.]
 [120. 480.   0.]
 [240. 480.   0.]
 [360. 480.   0.]
 [480. 480.   0.]
 [600. 480.   0.]
 [  0. 600.   0.]
 [120. 600.   0.]
 [240. 600.   0.]
 [360. 600.   0.]
 [480. 600.   0.]
 [600. 600.   0.]
 [  0. 720.   0.]
 [120. 720.   0.]
 [240. 720.   0.]
 [360. 720.   0.]
 [480. 720.   0.]
 [600. 720.   0.]]","[[-0.22161874]
 [ 0.65390464]
 [-0.1315075 ]]","[[1508.45723531]
 [ 702.76921463]
 [4098.25684179]]",0.028902690179873923
/home/user/Downloads/Illmenau/KalibrierungA/Kalibrierung1a/00000034_00000000849C7433.tiff,"[[[1338.309  1336.162 ]]

 [[1383.268  1332.6034]]

 [[1428.8553 1328.97  ]]

 [[1475.5082 1325.2471]]

 [[1523.2201 1321.4401]]

 [[1572.2668 1317.5481]]

 [[1341.4576 1385.1499]]

 [[1386.568  1382.1373]]

 [[1432.5288 1379.0381]]

 [[1479.5247 1375.8928]]

 [[1527.612  1372.6292]]

 [[1577.1267 1369.3452]]

 [[1344.4364 1434.6575]]

 [[1389.9211 1432.2529]]

 [[1436.2042 1429.6971]]

 [[1483.5985 1427.1581]]

 [[1532.0667 1424.4508]]

 [[1581.9099 1421.7179]]

 [[1347.3491 1484.9102]]

 [[1393.2296 1482.9454]]

 [[1439.9186 1481.0297]]

 [[1487.6818 1479.0529]]

 [[1536.5707 1476.9155]]

 [[1586.8713 1474.8898]]

 [[1350.5414 1535.6897]]

 [[1396.7051 1534.3827]]

 [[1443.8251 1532.9867]]

 [[1491.8704 1531.5907]]

 [[1541.1722 1530.1643]]

 [[1591.842  1528.6599]]

 [[1353.6139 1587.1472]]

 [[1400.2004 1586.4055]]

 [[1447.598  1585.6666]]

 [[1496.0774 1584.8511]]

 [[1545.8127 1584.0469]]

 [[1596.9521 1583.1539]]

 [[1356.7612 1639.2694]]

 [[1403.7416 1639.185 ]]

 [[1451.5629 1639.0684]]

 [[1500.3256 1638.8666]]

 [[1550.4456 1638.7346]]

 [[1602.0797 1638.4996]]]","[[  0.   0.   0.]
 [120.   0.   0.]
 [240.   0.   0.]
 [360.   0.   0.]
 [480.   0.   0.]
 [600.   0.   0.]
 [  0. 120.   0.]
 [120. 120.   0.]
 [240. 120.   0.]
 [360. 120.   0.]
 [480. 120.   0.]
 [600. 120.   0.]
 [  0. 240.   0.]
 [120. 240.   0.]
 [240. 240.   0.]
 [360. 240.   0.]
 [480. 240.   0.]
 [600. 240.   0.]
 [  0. 360.   0.]
 [120. 360.   0.]
 [240. 360.   0.]
 [360. 360.   0.]
 [480. 360.   0.]
 [600. 360.   0.]
 [  0. 480.   0.]
 [120. 480.   0.]
 [240. 480.   0.]
 [360. 480.   0.]
 [480. 480.   0.]
 [600. 480.   0.]
 [  0. 600.   0.]
 [120. 600.   0.]
 [240. 600.   0.]
 [360. 600.   0.]
 [480. 600.   0.]
 [600. 600.   0.]
 [  0. 720.   0.]
 [120. 720.   0.]
 [240. 720.   0.]
 [360. 720.   0.]
 [480. 720.   0.]
 [600. 720.   0.]]","[[-0.22946142]
 [ 0.43559663]
 [-0.10554942]]","[[ 192.10556504]
 [ 840.491355  ]
 [4363.85283766]]",0.016554103525724215
/home/user/Downloads/Illmenau/KalibrierungA/Kalibrierung1a/00000037_00000000849D5CDD.tiff,"[[[ 850.41156 1386.8916 ]]

 [[ 884.70245 1384.856  ]]

 [[ 919.10333 1382.8286 ]]

 [[ 953.7389  1380.8174 ]]

 [[ 988.6329  1378.7589 ]]

 [[1023.8315  1376.6798 ]]

 [[ 850.30804 1423.8833 ]]

 [[ 884.7691  1422.0372 ]]

 [[ 919.3448  1420.1913 ]]

 [[ 954.1247  1418.2631 ]]

 [[ 989.18774 1416.3467 ]]

 [[1024.5957  1414.358  ]]

 [[ 850.245   1461.3232 ]]

 [[ 884.82056 1459.5377 ]]

 [[ 919.5556  1457.7655 ]]

 [[ 954.53705 1456.0205 ]]

 [[ 989.7542  1454.2351 ]]

 [[1025.3088  1452.3512 ]]

 [[ 850.1223  1499.0568 ]]

 [[ 884.8977  1497.429  ]]

 [[ 919.78625 1495.7708 ]]

 [[ 954.9583  1494.1477 ]]

 [[ 990.3317  1492.4844 ]]

 [[1026.0463  1490.7714 ]]

 [[ 850.0125  1537.1437 ]]

 [[ 884.98016 1535.6066 ]]

 [[ 920.03033 1534.0955 ]]

 [[ 955.3377  1532.6162 ]]

 [[ 990.9411  1531.08   ]]

 [[1026.8606  1529.4916 ]]

 [[ 849.9804  1575.4879 ]]

 [[ 885.0606  1574.2052 ]]

 [[ 920.2752  1572.8717 ]]

 [[ 955.7055  1571.4647 ]]

 [[ 991.5669  1570.0619 ]]

 [[1027.6245  1568.6007 ]]

 [[ 849.8563  1614.2944 ]]

 [[ 885.158   1613.123  ]]

 [[ 920.4835  1611.98   ]]

 [[ 956.14667 1610.6674 ]]

 [[ 992.1437  1609.4025 ]]

 [[1028.429   1608.0743 ]]]","[[  0.   0.   0.]
 [120.   0.   0.]
 [240.   0.   0.]
 [360.   0.   0.]
 [480.   0.   0.]
 [600.   0.   0.]
 [  0. 120.   0.]
 [120. 120.   0.]
 [240. 120.   0.]
 [360. 120.   0.]
 [480. 120.   0.]
 [600. 120.   0.]
 [  0. 240.   0.]
 [120. 240.   0.]
 [240. 240.   0.]
 [360. 240.   0.]
 [480. 240.   0.]
 [600. 240.   0.]
 [  0. 360.   0.]
 [120. 360.   0.]
 [240. 360.   0.]
 [360. 360.   0.]
 [480. 360.   0.]
 [600. 360.   0.]
 [  0. 480.   0.]
 [120. 480.   0.]
 [240. 480.   0.]
 [360. 480.   0.]
 [480. 480.   0.]
 [600. 480.   0.]
 [  0. 600.   0.]
 [120. 600.   0.]
 [240. 600.   0.]
 [360. 600.   0.]
 [480. 600.   0.]
 [600. 600.   0.]
 [  0. 720.   0.]
 [120. 720.   0.]
 [240. 720.   0.]
 [360. 720.   0.]
 [480. 720.   0.]
 [600. 720.   0.]]","[[-0.23845448]
 [ 0.18077381]
 [-0.07429036]]","[[-1362.58526086]
 [ 1286.2518393 ]
 [ 5795.50390691]]",0.008172771579751001
/home/user/Downloads/Illmenau/KalibrierungA/Kalibrierung1a/00000038_00000000849DB398.tiff,"[[[1528.3638 1344.4369]]

 [[1567.3042 1341.6382]]

 [[1606.7869 1338.8119]]

 [[1646.8834 1335.9276]]

 [[1687.6558 1333.0172]]

 [[1729.1686 1329.9955]]

 [[1531.8364 1384.527 ]]

 [[1571.03   1382.0565]]

 [[1610.7413 1379.525 ]]

 [[1651.0402 1376.995 ]]

 [[1692.1168 1374.3866]]

 [[1733.865  1371.7532]]

 [[1535.3042 1424.9736]]

 [[1574.7621 1422.799 ]]

 [[1614.7179 1420.5637]]

 [[1655.313  1418.36  ]]

 [[1696.5916 1416.0717]]

 [[1738.5306 1413.6758]]

 [[1538.84   1465.8815]]

 [[1578.568  1464.0045]]

 [[1618.7584 1462.0665]]

 [[1659.6107 1460.2053]]

 [[1701.0914 1458.1154]]

 [[1743.2859 1456.0872]]

 [[1542.4209 1507.1633]]

 [[1582.3881 1505.6207]]

 [[1622.8464 1504.0221]]

 [[1663.9246 1502.3938]]

 [[1705.7094 1500.7216]]

 [[1748.1252 1498.9636]]

 [[1546.03   1548.9343]]

 [[1586.2687 1547.6647]]

 [[1626.9691 1546.4142]]

 [[1668.2468 1545.1395]]

 [[1710.3188 1543.7609]]

 [[1753.0271 1542.3446]]

 [[1549.6288 1591.121 ]]

 [[1590.1631 1590.2445]]

 [[1631.1196 1589.2777]]

 [[1672.711  1588.339 ]]

 [[1715.0173 1587.302 ]]

 [[1757.9802 1586.2029]]]","[[  0.   0.   0.]
 [120.   0.   0.]
 [240.   0.   0.]
 [360.   0.   0.]
 [480.   0.   0.]
 [600.   0.   0.]
 [  0. 120.   0.]
 [120. 120.   0.]
 [240. 120.   0.]
 [360. 120.   0.]
 [480. 120.   0.]
 [600. 120.   0.]
 [  0. 240.   0.]
 [120. 240.   0.]
 [240. 240.   0.]
 [360. 240.   0.]
 [480. 240.   0.]
 [600. 240.   0.]
 [  0. 360.   0.]
 [120. 360.   0.]
 [240. 360.   0.]
 [360. 360.   0.]
 [480. 360.   0.]
 [600. 360.   0.]
 [  0. 480.   0.]
 [120. 480.   0.]
 [240. 480.   0.]
 [360. 480.   0.]
 [480. 480.   0.]
 [600. 480.   0.]
 [  0. 600.   0.]
 [120. 600.   0.]
 [240. 600.   0.]
 [360. 600.   0.]
 [480. 600.   0.]
 [600. 600.   0.]
 [  0. 720.   0.]
 [120. 720.   0.]
 [240. 720.   0.]
 [360. 720.   0.]
 [480. 720.   0.]
 [600. 720.   0.]]","[[-0.23006387]
 [ 0.36363164]
 [-0.09758769]]","[[ 814.05340241]
 [1052.60462767]
 [5329.0605684 ]]",0.010067979087963783
/home/user/Downloads/Illmenau/KalibrierungA/Kalibrierung1a/00000039_00000000849E092A.tiff,"[[[1244.0614 1374.3107]]

 [[1275.7765 1372.3602]]

 [[1307.665  1370.4463]]

 [[1339.7916 1368.514 ]]

 [[1372.1669 1366.568 ]]

 [[1404.8182 1364.6108]]

 [[1245.642  1407.4421]]

 [[1277.5032 1405.6744]]

 [[1309.5261 1403.882 ]]

 [[1341.8146 1402.0756]]

 [[1374.3271 1400.2634]]

 [[1407.1547 1398.4205]]

 [[1247.2319 1440.8688]]

 [[1279.2294 1439.24  ]]

 [[1311.4248 1437.5624]]

 [[1343.853  1435.8634]]

 [[1376.5382 1434.1935]]

 [[1409.5111 1432.4827]]

 [[1248.7837 1474.5939]]

 [[1280.9331 1473.1494]]

 [[1313.336  1471.588 ]]

 [[1345.898  1469.9862]]

 [[1378.7344 1468.4006]]

 [[1411.861  1466.761 ]]

 [[1250.422  1508.6216]]

 [[1282.722  1507.2379]]

 [[1315.2526 1505.8109]]

 [[1347.9802 1504.3284]]

 [[1380.9905 1502.8988]]

 [[1414.2455 1501.3807]]

 [[1252.0614 1542.9562]]

 [[1284.5448 1541.661 ]]

 [[1317.1875 1540.3729]]

 [[1350.0756 1539.0553]]

 [[1383.2463 1537.6759]]

 [[1416.6595 1536.3107]]

 [[1253.654  1577.5408]]

 [[1286.3296 1576.4028]]

 [[1319.1345 1575.2354]]

 [[1352.1704 1574.0106]]

 [[1385.4895 1572.8479]]

 [[1419.0782 1571.5566]]]","[[  0.   0.   0.]
 [120.   0.   0.]
 [240.   0.   0.]
 [360.   0.   0.]
 [480.   0.   0.]
 [600.   0.   0.]
 [  0. 120.   0.]
 [120. 120.   0.]
 [240. 120.   0.]
 [360. 120.   0.]
 [480. 120.   0.]
 [600. 120.   0.]
 [  0. 240.   0.]
 [120. 240.   0.]
 [240. 240.   0.]
 [360. 240.   0.]
 [480. 240.   0.]
 [600. 240.   0.]
 [  0. 360.   0.]
 [120. 360.   0.]
 [240. 360.   0.]
 [360. 360.   0.]
 [480. 360.   0.]
 [600. 360.   0.]
 [  0. 480.   0.]
 [120. 480.   0.]
 [240. 480.   0.]
 [360. 480.   0.]
 [480. 480.   0.]
 [600. 480.   0.]
 [  0. 600.   0.]
 [120. 600.   0.]
 [240. 600.   0.]
 [360. 600.   0.]
 [480. 600.   0.]
 [600. 600.   0.]
 [  0. 720.   0.]
 [120. 720.   0.]
 [240. 720.   0.]
 [360. 720.   0.]
 [480. 720.   0.]
 [600. 720.   0.]]","[[-0.23546492]
 [ 0.21725377]
 [-0.07798112]]","[[ -64.19557367]
 [1384.87182274]
 [6457.10305245]]",0.006757762490195317
